STATION_ID,DURATION,SENSOR_NUMBER,SENS_SHORT_NAME,DATE TIME,VALUE,DATA_FLAG,UNITS,OBS DATE
MIL,E,7,REL SCH,1996-12-26 15:30,515,,CFS,
MIL,E,7,REL SCH,1996-12-27 15:00,"1,000",,CFS,
MIL,E,7,REL SCH,1996-12-27 17:00,"2,000",,CFS,
MIL,E,7,REL SCH,1996-12-27 19:00,"3,000",,CFS,
MIL,E,7,REL SCH,1996-12-27 21:00,"4,000",,CFS,
MIL,E,7,REL SCH,1996-12-27 23:00,"5,000",,CFS,
MIL,E,7,REL SCH,1996-12-28 09:30,"6,000",,CFS,
MIL,E,7,REL SCH,1996-12-28 11:00,"7,000",,CFS,
MIL,E,7,REL SCH,1996-12-28 13:00,"8,000",,CFS,
MIL,E,7,REL SCH,1996-12-30 07:30,"7,000",,CFS,
MIL,E,7,REL SCH,1996-12-30 14:00,"6,500",,CFS,
MIL,E,7,REL SCH,1996-12-31 01:30,"7,000",,CFS,
MIL,E,7,REL SCH,1996-12-31 08:00,"7,250",,CFS,
MIL,E,7,REL SCH,1997-01-01 09:30,"6,600",,CFS,
MIL,E,7,REL SCH,1997-01-01 10:00,"6,650",,CFS,
MIL,E,7,REL SCH,1997-01-01 18:00,"6,800",,CFS,
MIL,E,7,REL SCH,1997-01-01 20:00,"6,400",,CFS,
MIL,E,7,REL SCH,1997-01-01 22:00,"5,600",,CFS,
MIL,E,7,REL SCH,1997-01-02 04:00,"6,100",,CFS,
MIL,E,7,REL SCH,1997-01-02 07:00,"6,400",,CFS,
MIL,E,7,REL SCH,1997-01-02 20:00,"7,500",,CFS,
MIL,E,7,REL SCH,1997-01-03 01:35,"22,000",,CFS,
MIL,E,7,REL SCH,1997-01-03 02:45,"38,000",,CFS,
MIL,E,7,REL SCH,1997-01-03 04:15,"31,900",,CFS,
MIL,E,7,REL SCH,1997-01-03 08:30,"56,900",,CFS,
MIL,E,7,REL SCH,1997-01-03 10:00,"37,000",,CFS,
MIL,E,7,REL SCH,1997-01-03 12:00,"36,900",,CFS,
MIL,E,7,REL SCH,1997-01-03 13:00,"40,400",,CFS,
MIL,E,7,REL SCH,1997-01-03 15:00,"42,500",,CFS,
MIL,E,7,REL SCH,1997-01-03 16:00,"42,231",,CFS,
MIL,E,7,REL SCH,1997-01-03 17:00,"40,100",,CFS,
MIL,E,7,REL SCH,1997-01-03 18:00,"36,000",,CFS,
MIL,E,7,REL SCH,1997-01-03 21:00,"32,000",,CFS,
MIL,E,7,REL SCH,1997-01-04 01:01,"30,733",,CFS,
MIL,E,7,REL SCH,1997-01-04 09:00,"28,000",,CFS,
MIL,E,7,REL SCH,1997-01-04 11:30,"26,970",,CFS,
MIL,E,7,REL SCH,1997-01-04 14:30,"34,200",,CFS,
MIL,E,7,REL SCH,1997-01-04 15:30,"26,200",,CFS,
MIL,E,7,REL SCH,1997-01-04 16:30,"18,200",,CFS,
MIL,E,7,REL SCH,1997-01-04 19:00,"12,200",,CFS,
MIL,E,7,REL SCH,1997-01-04 23:00,"13,000",,CFS,
MIL,E,7,REL SCH,1997-01-06 07:30,"8,000",,CFS,
MIL,E,7,REL SCH,1997-01-16 15:00,"7,500",,CFS,
MIL,E,7,REL SCH,1997-01-18 09:00,"7,600",,CFS,
MIL,E,7,REL SCH,1997-01-18 16:00,"7,100",,CFS,
MIL,E,7,REL SCH,1997-01-19 12:30,"6,600",,CFS,
MIL,E,7,REL SCH,1997-01-20 12:30,"6,100",,CFS,
MIL,E,7,REL SCH,1997-01-20 13:30,"5,600",,CFS,
MIL,E,7,REL SCH,1997-01-23 11:30,"4,500",,CFS,
MIL,E,7,REL SCH,1997-01-23 16:00,"4,950",,CFS,
MIL,E,7,REL SCH,1997-01-23 18:00,"5,150",,CFS,
MIL,E,7,REL SCH,1997-01-23 21:30,"5,350",,CFS,
MIL,E,7,REL SCH,1997-01-24 05:00,"5,500",,CFS,
MIL,E,7,REL SCH,1997-01-24 09:00,"6,000",,CFS,
MIL,E,7,REL SCH,1997-01-24 10:00,"6,500",,CFS,
MIL,E,7,REL SCH,1997-01-24 11:00,"7,000",,CFS,
MIL,E,7,REL SCH,1997-01-24 12:00,"7,500",,CFS,
MIL,E,7,REL SCH,1997-01-25 08:00,"7,300",,CFS,
MIL,E,7,REL SCH,1997-01-25 18:00,"7,100",,CFS,
MIL,E,7,REL SCH,1997-01-26 06:00,"7,375",,CFS,
MIL,E,7,REL SCH,1997-01-26 09:30,"7,100",,CFS,
MIL,E,7,REL SCH,1997-01-26 13:30,"6,600",,CFS,
MIL,E,7,REL SCH,1997-01-26 14:30,"5,600",,CFS,
MIL,E,7,REL SCH,1997-01-26 15:00,"4,100",,CFS,
MIL,E,7,REL SCH,1997-01-26 15:30,"3,500",,CFS,
MIL,E,7,REL SCH,1997-01-26 17:00,"4,000",,CFS,
MIL,E,7,REL SCH,1997-01-26 18:00,"4,500",,CFS,
MIL,E,7,REL SCH,1997-01-26 18:30,"5,000",,CFS,
MIL,E,7,REL SCH,1997-01-26 19:30,"5,500",,CFS,
MIL,E,7,REL SCH,1997-01-26 20:30,"6,000",,CFS,
MIL,E,7,REL SCH,1997-01-26 21:30,"6,500",,CFS,
MIL,E,7,REL SCH,1997-01-26 22:30,"7,000",,CFS,
MIL,E,7,REL SCH,1997-01-28 09:30,"7,200",,CFS,
MIL,E,7,REL SCH,1997-01-28 15:30,"7,100",,CFS,
MIL,E,7,REL SCH,1997-02-02 11:00,"7,400",,CFS,
MIL,E,7,REL SCH,1997-02-03 15:30,"7,525",,CFS,
MIL,E,7,REL SCH,1997-02-04 15:30,"7,700",,CFS,
MIL,E,7,REL SCH,1997-02-06 15:00,"7,475",,CFS,
MIL,E,7,REL SCH,1997-02-07 15:30,"7,375",,CFS,
MIL,E,7,REL SCH,1997-02-09 12:30,"7,575",,CFS,
MIL,E,7,REL SCH,1997-02-15 09:30,"7,675",,CFS,
MIL,E,7,REL SCH,1997-02-15 12:00,"7,175",,CFS,
MIL,E,7,REL SCH,1997-02-16 09:30,"6,675",,CFS,
MIL,E,7,REL SCH,1997-02-19 12:00,"6,175",,CFS,
MIL,E,7,REL SCH,1997-02-19 13:00,"5,675",,CFS,
MIL,E,7,REL SCH,1997-02-21 16:00,"5,100",,CFS,
MIL,E,7,REL SCH,1997-02-21 17:00,"4,600",,CFS,
MIL,E,7,REL SCH,1997-02-24 10:00,"4,000",,CFS,
MIL,E,7,REL SCH,1997-02-28 11:00,"3,500",,CFS,
MIL,E,7,REL SCH,1997-02-28 14:00,"3,000",,CFS,
MIL,E,7,REL SCH,1997-03-06 13:30,"2,500",,CFS,
MIL,E,7,REL SCH,1997-03-06 14:30,"2,000",,CFS,
MIL,E,7,REL SCH,1997-03-07 12:30,"1,700",,CFS,
MIL,E,7,REL SCH,1997-03-13 14:00,"1,500",,CFS,
MIL,E,7,REL SCH,1997-03-13 15:00,"1,000",,CFS,
MIL,E,7,REL SCH,1997-03-20 09:00,500,,CFS,
MIL,E,7,REL SCH,1997-03-27 18:30,250,,CFS,
MIL,E,7,REL SCH,1998-02-04 12:00,500,,CFS,
MIL,E,7,REL SCH,1998-02-04 16:00,"1,000",,CFS,
MIL,E,7,REL SCH,1998-02-05 11:00,"1,500",,CFS,
MIL,E,7,REL SCH,1998-02-05 13:00,"2,000",,CFS,
MIL,E,7,REL SCH,1998-02-07 09:30,"2,500",,CFS,
MIL,E,7,REL SCH,1998-02-07 11:30,"3,000",,CFS,
MIL,E,7,REL SCH,1998-02-07 13:30,"3,500",,CFS,
MIL,E,7,REL SCH,1998-02-07 15:30,"4,000",,CFS,
MIL,E,7,REL SCH,1998-02-11 17:00,"3,500",,CFS,
MIL,E,7,REL SCH,1998-02-19 08:30,"4,000",,CFS,
MIL,E,7,REL SCH,1998-03-09 14:00,"3,500",,CFS,
MIL,E,7,REL SCH,1998-03-09 15:00,"3,500",,CFS,
MIL,E,7,REL SCH,1998-03-09 16:00,"3,000",,CFS,
MIL,E,7,REL SCH,1998-03-09 17:00,"3,000",,CFS,
MIL,E,7,REL SCH,1998-03-10 08:00,"2,500",,CFS,
MIL,E,7,REL SCH,1998-03-10 09:00,"2,500",,CFS,
MIL,E,7,REL SCH,1998-03-11 08:00,"2,000",,CFS,
MIL,E,7,REL SCH,1998-03-11 09:00,"2,000",,CFS,
MIL,E,7,REL SCH,1998-03-17 09:00,"1,500",,CFS,
MIL,E,7,REL SCH,1998-03-17 10:00,"1,500",,CFS,
MIL,E,7,REL SCH,1998-04-03 15:30,"2,500",,CFS,
MIL,E,7,REL SCH,1998-04-03 16:30,"3,000",,CFS,
MIL,E,7,REL SCH,1998-04-03 17:30,"3,000",,CFS,
MIL,E,7,REL SCH,1998-04-06 07:30,"3,500",,CFS,
MIL,E,7,REL SCH,1998-04-06 09:30,"4,000",,CFS,
MIL,E,7,REL SCH,1998-04-07 07:00,"4,500",,CFS,
MIL,E,7,REL SCH,1998-04-07 09:00,"5,000",,CFS,
MIL,E,7,REL SCH,1998-04-08 13:30,"5,500",,CFS,
MIL,E,7,REL SCH,1998-04-08 15:30,"6,000",,CFS,
MIL,E,7,REL SCH,1998-04-15 08:00,"5,500",,CFS,
MIL,E,7,REL SCH,1998-04-16 07:30,"5,000",,CFS,
MIL,E,7,REL SCH,1998-04-17 07:30,"5,000",,CFS,
MIL,E,7,REL SCH,1998-04-20 07:30,"4,500",,CFS,
MIL,E,7,REL SCH,1998-04-30 08:00,"4,000",,CFS,
MIL,E,7,REL SCH,1998-05-05 08:30,"3,500",,CFS,
MIL,E,7,REL SCH,1998-05-15 11:30,"4,000",,CFS,
MIL,E,7,REL SCH,1998-05-15 12:30,"4,500",,CFS,
MIL,E,7,REL SCH,1998-06-08 12:00,"5,000",,CFS,
MIL,E,7,REL SCH,1998-06-10 09:00,"5,500",,CFS,
MIL,E,7,REL SCH,1998-06-11 09:00,"6,000",,CFS,
MIL,E,7,REL SCH,1998-06-12 07:30,"6,500",,CFS,
MIL,E,7,REL SCH,1998-06-15 08:00,"7,000",,CFS,
MIL,E,7,REL SCH,1998-06-15 16:00,"7,500",,CFS,
MIL,E,7,REL SCH,1998-06-16 11:00,"8,000",,CFS,
MIL,E,7,REL SCH,1998-07-07 08:00,"7,500",,CFS,
MIL,E,7,REL SCH,1998-07-07 10:00,"7,000",,CFS,
MIL,E,7,REL SCH,1998-07-08 07:30,"6,500",,CFS,
MIL,E,7,REL SCH,1998-07-08 11:00,"6,000",,CFS,
MIL,E,7,REL SCH,1998-07-09 07:30,"5,500",,CFS,
MIL,E,7,REL SCH,1998-07-10 14:00,"5,500",,CFS,
MIL,E,7,REL SCH,1998-07-12 10:30,"5,000",,CFS,
MIL,E,7,REL SCH,1998-07-12 11:30,"4,500",,CFS,
MIL,E,7,REL SCH,1998-07-12 15:00,"4,000",,CFS,
MIL,E,7,REL SCH,1998-07-13 08:00,"3,500",,CFS,
MIL,E,7,REL SCH,1998-07-14 16:30,"4,000",,CFS,
MIL,E,7,REL SCH,1998-07-17 08:30,"4,000",,CFS,
MIL,E,7,REL SCH,1998-07-17 13:00,"4,500",,CFS,
MIL,E,7,REL SCH,1998-07-21 17:00,"4,800",,CFS,
MIL,E,7,REL SCH,1998-07-21 22:00,"5,300",,CFS,
MIL,E,7,REL SCH,1998-07-23 20:00,"4,200",,CFS,
MIL,E,7,REL SCH,1998-07-23 22:00,"3,700",,CFS,
MIL,E,7,REL SCH,1998-07-24 22:00,"2,800",,CFS,
MIL,E,7,REL SCH,1998-07-24 23:30,"2,289",,CFS,
MIL,E,7,REL SCH,1998-07-25 07:00,"2,105",,CFS,
MIL,E,7,REL SCH,1998-07-25 19:00,"2,400",,CFS,
MIL,E,7,REL SCH,1998-07-25 20:30,"3,000",,CFS,
MIL,E,7,REL SCH,1998-07-28 14:30,"1,900",,CFS,
MIL,E,7,REL SCH,1998-07-28 22:30,"1,850",,CFS,
MIL,E,7,REL SCH,1998-07-29 13:00,"1,300",,CFS,
MIL,E,7,REL SCH,1998-07-29 17:00,800,,CFS,
MIL,E,7,REL SCH,1998-07-29 21:00,300,,CFS,
MIL,E,7,REL SCH,1998-11-23 08:30,470,,CFS,
MIL,E,7,REL SCH,1998-11-24 11:00,470,,CFS,
MIL,E,7,REL SCH,1998-11-25 08:00,"1,000",,CFS,
MIL,E,7,REL SCH,1998-11-27 10:00,600,,CFS,
MIL,E,7,REL SCH,1998-12-17 08:00,250,,CFS,
MIL,E,7,REL SCH,1999-01-29 16:30,280,,CFS,
MIL,E,7,REL SCH,1999-02-07 10:30,280,,CFS,
MIL,E,7,REL SCH,1999-02-14 10:00,600,,CFS,
MIL,E,7,REL SCH,1999-02-15 10:00,"1,000",,CFS,
MIL,E,7,REL SCH,1999-06-03 11:00,650,,CFS,
MIL,E,7,REL SCH,1999-06-17 10:30,"1,300",,CFS,
MIL,E,7,REL SCH,1999-06-18 12:00,"1,670",,CFS,
MIL,E,7,REL SCH,1999-06-18 14:00,"1,880",,CFS,
MIL,E,7,REL SCH,1999-06-19 11:00,990,,CFS,
MIL,E,7,REL SCH,1999-06-20 08:00,160,,CFS,
MIL,E,7,REL SCH,1999-07-03 07:00,600,,CFS,
MIL,E,7,REL SCH,1999-07-03 08:00,800,,CFS,
MIL,E,7,REL SCH,1999-07-10 11:00,700,,CFS,
MIL,E,7,REL SCH,1999-07-19 11:30,550,,CFS,
MIL,E,7,REL SCH,1999-07-28 11:00,400,,CFS,
MIL,E,7,REL SCH,1999-08-18 14:30,300,,CFS,
MIL,E,7,REL SCH,1999-09-01 07:00,275,,CFS,
MIL,E,7,REL SCH,1999-09-02 14:00,250,,CFS,
MIL,E,7,REL SCH,1999-09-08 11:00,225,,CFS,
MIL,E,7,REL SCH,1999-10-06 13:30,180,,CFS,
MIL,E,7,REL SCH,2000-03-08 10:00,800,,CFS,
MIL,E,7,REL SCH,2000-03-10 10:00,"1,300",,CFS,
MIL,E,7,REL SCH,2000-03-29 09:00,650,,CFS,
MIL,E,7,REL SCH,2000-03-29 18:30,150,,CFS,
MIL,E,7,REL SCH,2000-06-05 16:00,500,,CFS,
MIL,E,7,REL SCH,2000-06-05 18:00,"1,000",,CFS,
MIL,E,7,REL SCH,2000-06-07 16:00,200,,CFS,
MIL,E,7,REL SCH,2000-06-09 14:30,625,,CFS,
MIL,E,7,REL SCH,2000-06-11 10:00,200,,CFS,
MIL,E,7,REL SCH,2000-06-15 12:00,700,,CFS,
MIL,E,7,REL SCH,2000-06-15 16:00,"1,000",,CFS,
MIL,E,7,REL SCH,2000-06-16 14:00,700,,CFS,
MIL,E,7,REL SCH,2000-06-17 11:00,"1,200",,CFS,
MIL,E,7,REL SCH,2000-06-17 13:30,"1,500",,CFS,
MIL,E,7,REL SCH,2000-06-17 15:00,"2,000",,CFS,
MIL,E,7,REL SCH,2000-06-18 11:00,"2,500",,CFS,
MIL,E,7,REL SCH,2000-06-18 19:30,"2,000",,CFS,
MIL,E,7,REL SCH,2000-06-18 21:00,"1,500",,CFS,
MIL,E,7,REL SCH,2000-06-19 14:00,"1,000",,CFS,
MIL,E,7,REL SCH,2000-06-19 15:00,625,,CFS,
MIL,E,7,REL SCH,2000-06-21 09:00,200,,CFS,
MIL,E,7,REL SCH,2001-09-04 08:00,580,,CFS,
MIL,E,7,REL SCH,2001-09-04 10:00,880,,CFS,
MIL,E,7,REL SCH,2001-09-19 08:00,240,,CFS,
MIL,E,7,REL SCH,2002-06-18 08:00,200,,CFS,
MIL,E,7,REL SCH,2005-03-10 11:00,125,,CFS,
MIL,E,7,REL SCH,2005-03-25 14:00,750,,CFS,
MIL,E,7,REL SCH,2005-04-01 10:00,"1,250",,CFS,
MIL,E,7,REL SCH,2005-04-03 09:00,"1,000",,CFS,
MIL,E,7,REL SCH,2005-04-11 13:00,"1,300",,CFS,
MIL,E,7,REL SCH,2005-04-20 09:00,"2,000",,CFS,
MIL,E,7,REL SCH,2005-04-29 09:00,"1,500",,CFS,
MIL,E,7,REL SCH,2005-05-11 12:30,"2,000",,CFS,
MIL,E,7,REL SCH,2005-05-12 08:30,"2,500",,CFS,
MIL,E,7,REL SCH,2005-05-13 08:00,"3,000",,CFS,
MIL,E,7,REL SCH,2005-05-13 09:00,"3,500",,CFS,
MIL,E,7,REL SCH,2005-05-13 10:00,"4,000",,CFS,
MIL,E,7,REL SCH,2005-05-17 12:00,"4,500",,CFS,
MIL,E,7,REL SCH,2005-05-17 13:00,"5,000",,CFS,
MIL,E,7,REL SCH,2005-05-17 14:00,"5,500",,CFS,
MIL,E,7,REL SCH,2005-05-17 15:00,"6,000",,CFS,
MIL,E,7,REL SCH,2005-05-17 16:00,"6,500",,CFS,
MIL,E,7,REL SCH,2005-05-20 12:00,"7,000",,CFS,
MIL,E,7,REL SCH,2005-05-20 14:00,"7,500",,CFS,
MIL,E,7,REL SCH,2005-05-24 12:00,"8,000",,CFS,
MIL,E,7,REL SCH,2005-06-01 12:00,"7,000",,CFS,
MIL,E,7,REL SCH,2005-06-01 13:00,"6,000",,CFS,
MIL,E,7,REL SCH,2005-06-06 12:00,"5,000",,CFS,
MIL,E,7,REL SCH,2005-06-06 13:00,"4,000",,CFS,
MIL,E,7,REL SCH,2005-06-10 13:00,"3,000",,CFS,
MIL,E,7,REL SCH,2005-06-10 14:00,"2,000",,CFS,
MIL,E,7,REL SCH,2005-06-11 13:00,"1,500",,CFS,
MIL,E,7,REL SCH,2005-06-11 14:00,"1,000",,CFS,
MIL,E,7,REL SCH,2005-06-12 14:00,500,,CFS,
MIL,E,7,REL SCH,2005-06-13 09:00,200,,CFS,
MIL,E,7,REL SCH,2005-06-15 08:00,500,,CFS,
MIL,E,7,REL SCH,2005-06-15 09:00,"1,000",,CFS,
MIL,E,7,REL SCH,2005-06-15 10:00,"1,500",,CFS,
MIL,E,7,REL SCH,2005-06-16 09:00,"2,000",,CFS,
MIL,E,7,REL SCH,2005-06-16 10:00,"3,000",,CFS,
MIL,E,7,REL SCH,2005-06-17 13:00,"3,500",,CFS,
MIL,E,7,REL SCH,2005-06-18 08:00,"3,000",,CFS,
MIL,E,7,REL SCH,2005-06-18 09:00,"2,000",,CFS,
MIL,E,7,REL SCH,2005-06-18 10:00,"1,500",,CFS,
MIL,E,7,REL SCH,2005-06-19 08:00,"1,000",,CFS,
MIL,E,7,REL SCH,2005-06-19 09:00,500,,CFS,
MIL,E,7,REL SCH,2005-06-19 10:00,200,,CFS,
MIL,E,7,REL SCH,2005-06-21 12:00,500,,CFS,
MIL,E,7,REL SCH,2005-06-21 13:00,"1,000",,CFS,
MIL,E,7,REL SCH,2005-06-21 14:00,"1,500",,CFS,
MIL,E,7,REL SCH,2005-06-22 22:30,"2,500",,CFS,
MIL,E,7,REL SCH,2005-06-22 23:30,"3,500",,CFS,
MIL,E,7,REL SCH,2005-06-23 14:00,"4,500",,CFS,
MIL,E,7,REL SCH,2005-06-24 12:00,"3,500",,CFS,
MIL,E,7,REL SCH,2005-06-24 13:00,"3,000",,CFS,
MIL,E,7,REL SCH,2005-06-29 09:00,"2,000",,CFS,
MIL,E,7,REL SCH,2005-06-29 10:00,"1,500",,CFS,
MIL,E,7,REL SCH,2005-06-30 08:00,500,,CFS,
MIL,E,7,REL SCH,2005-06-30 09:00,200,,CFS,
MIL,E,7,REL SCH,2005-07-03 17:00,"1,000",,CFS,
MIL,E,7,REL SCH,2005-07-03 18:00,"2,000",,CFS,
MIL,E,7,REL SCH,2005-07-06 14:30,"2,500",,CFS,
MIL,E,7,REL SCH,2005-07-07 15:30,"2,000",,CFS,
MIL,E,7,REL SCH,2005-07-07 20:30,"1,500",,CFS,
MIL,E,7,REL SCH,2005-07-10 12:00,"1,000",,CFS,
MIL,E,7,REL SCH,2005-07-10 13:00,500,,CFS,
MIL,E,7,REL SCH,2005-07-11 10:00,165,,CFS,
MIL,E,7,REL SCH,2005-12-27 08:00,165,,CFS,
MIL,E,7,REL SCH,2006-01-13 10:00,500,,CFS,
MIL,E,7,REL SCH,2006-01-16 08:00,"1,000",,CFS,
MIL,E,7,REL SCH,2006-01-25 10:00,500,,CFS,
MIL,E,7,REL SCH,2006-01-26 10:00,250,,CFS,
MIL,E,7,REL SCH,2006-01-27 13:00,110,,CFS,
MIL,E,7,REL SCH,2006-03-17 14:30,500,,CFS,
MIL,E,7,REL SCH,2006-03-20 15:30,750,,CFS,
MIL,E,7,REL SCH,2006-03-24 15:00,"1,000",,CFS,
MIL,E,7,REL SCH,2006-03-29 10:00,"1,500",,CFS,
MIL,E,7,REL SCH,2006-03-30 10:00,"2,000",,CFS,
MIL,E,7,REL SCH,2006-03-31 10:00,"2,500",,CFS,
MIL,E,7,REL SCH,2006-04-01 10:00,"3,000",,CFS,
MIL,E,7,REL SCH,2006-04-02 09:00,"3,500",,CFS,
MIL,E,7,REL SCH,2006-04-02 12:00,"4,000",,CFS,
MIL,E,7,REL SCH,2006-04-03 09:00,"4,500",,CFS,
MIL,E,7,REL SCH,2006-04-03 10:00,"5,000",,CFS,
MIL,E,7,REL SCH,2006-04-03 11:00,"6,000",,CFS,
MIL,E,7,REL SCH,2006-04-03 12:00,"7,000",,CFS,
MIL,E,7,REL SCH,2006-04-04 02:00,"7,500",,CFS,
MIL,E,7,REL SCH,2006-04-04 12:00,"8,000",,CFS,
MIL,E,7,REL SCH,2006-04-04 22:30,"9,000",,CFS,
MIL,E,7,REL SCH,2006-04-05 04:30,"8,000",,CFS,
MIL,E,7,REL SCH,2006-04-05 16:00,"9,401",,CFS,
MIL,E,7,REL SCH,2006-04-06 07:30,"8,170",,CFS,
MIL,E,7,REL SCH,2006-04-07 06:00,"8,000",,CFS,
MIL,E,7,REL SCH,2006-04-07 12:30,"9,001",,CFS,
MIL,E,7,REL SCH,2006-04-10 16:00,"8,700",,CFS,
MIL,E,7,REL SCH,2006-04-11 11:30,"7,700",,CFS,
MIL,E,7,REL SCH,2006-04-15 12:00,"7,000",,CFS,
MIL,E,7,REL SCH,2006-04-16 20:00,"6,500",,CFS,
MIL,E,7,REL SCH,2006-04-18 13:00,"7,000",,CFS,
MIL,E,7,REL SCH,2006-05-01 09:00,"7,500",,CFS,
MIL,E,7,REL SCH,2006-05-14 11:30,"6,500",,CFS,
MIL,E,7,REL SCH,2006-05-17 11:30,"7,000",,CFS,
MIL,E,7,REL SCH,2006-05-24 08:30,"6,000",,CFS,
MIL,E,7,REL SCH,2006-05-24 09:30,"5,500",,CFS,
MIL,E,7,REL SCH,2006-05-24 10:30,"5,000",,CFS,
MIL,E,7,REL SCH,2006-06-02 07:30,"6,000",,CFS,
MIL,E,7,REL SCH,2006-06-02 15:00,"6,500",,CFS,
MIL,E,7,REL SCH,2006-06-04 07:00,"7,000",,CFS,
MIL,E,7,REL SCH,2006-06-11 18:30,"6,500",,CFS,
MIL,E,7,REL SCH,2006-06-13 21:00,"6,000",,CFS,
MIL,E,7,REL SCH,2006-06-14 03:00,"5,000",,CFS,
MIL,E,7,REL SCH,2006-06-15 09:00,"4,000",,CFS,
MIL,E,7,REL SCH,2006-06-15 12:00,"3,500",,CFS,
MIL,E,7,REL SCH,2006-06-16 10:00,"4,000",,CFS,
MIL,E,7,REL SCH,2006-06-17 13:30,"4,500",,CFS,
MIL,E,7,REL SCH,2006-06-18 05:00,"5,000",,CFS,
MIL,E,7,REL SCH,2006-06-18 22:00,"5,500",,CFS,
MIL,E,7,REL SCH,2006-06-19 00:01,"6,000",,CFS,
MIL,E,7,REL SCH,2006-06-20 08:30,"6,500",,CFS,
MIL,E,7,REL SCH,2006-06-20 15:30,"7,000",,CFS,
MIL,E,7,REL SCH,2006-06-26 10:00,"6,500",,CFS,
MIL,E,7,REL SCH,2006-06-26 11:00,"6,000",,CFS,
MIL,E,7,REL SCH,2006-06-26 12:00,"5,500",,CFS,
MIL,E,7,REL SCH,2006-06-26 13:00,"5,000",,CFS,
MIL,E,7,REL SCH,2006-06-27 15:30,"4,500",,CFS,
MIL,E,7,REL SCH,2006-06-27 16:30,"4,000",,CFS,
MIL,E,7,REL SCH,2006-06-28 07:00,"3,500",,CFS,
MIL,E,7,REL SCH,2006-06-28 08:00,"3,000",,CFS,
MIL,E,7,REL SCH,2006-06-30 12:00,"3,500",,CFS,
MIL,E,7,REL SCH,2006-07-02 20:00,"4,000",,CFS,
MIL,E,7,REL SCH,2006-07-04 05:00,"3,500",,CFS,
MIL,E,7,REL SCH,2006-07-04 07:00,"3,000",,CFS,
MIL,E,7,REL SCH,2006-07-04 10:30,"2,500",,CFS,
MIL,E,7,REL SCH,2006-07-04 12:00,"2,000",,CFS,
MIL,E,7,REL SCH,2006-07-04 20:00,"1,500",,CFS,
MIL,E,7,REL SCH,2006-07-05 08:00,"1,000",,CFS,
MIL,E,7,REL SCH,2006-07-06 12:00,550,,CFS,
MIL,E,7,REL SCH,2006-07-08 11:00,250,,CFS,
MIL,E,7,REL SCH,2008-01-04 17:00,100,,CFS,
MIL,E,7,REL SCH,2008-12-01 04:00,140,,CFS,
MIL,E,7,REL SCH,2008-12-03 04:00,130,,CFS,
MIL,E,7,REL SCH,2008-12-08 04:00,130,,CFS,
MIL,E,7,REL SCH,2008-12-10 04:00,130,,CFS,
MIL,E,7,REL SCH,2008-12-15 04:00,130,,CFS,
MIL,E,7,REL SCH,2008-12-19 04:00,120,,CFS,
MIL,E,7,REL SCH,2008-12-27 04:00,120,,CFS,
MIL,E,7,REL SCH,2009-01-01 04:00,120,,CFS,
MIL,E,7,REL SCH,2009-01-08 04:00,120,,CFS,
MIL,E,7,REL SCH,2009-01-23 04:00,120,,CFS,
MIL,E,7,REL SCH,2009-01-26 04:00,110,,CFS,
MIL,E,7,REL SCH,2009-01-30 04:00,110,,CFS,
MIL,E,7,REL SCH,2009-02-04 04:00,100,,CFS,
MIL,E,7,REL SCH,2009-02-21 04:00,80,,CFS,
MIL,E,7,REL SCH,2009-02-23 04:00,80,,CFS,
MIL,E,7,REL SCH,2009-02-27 04:00,100,,CFS,
MIL,E,7,REL SCH,2009-03-02 04:00,100,,CFS,
MIL,E,7,REL SCH,2009-03-13 04:00,120,,CFS,
MIL,E,7,REL SCH,2009-03-20 04:00,140,,CFS,
MIL,E,7,REL SCH,2009-03-25 04:00,135,,CFS,
MIL,E,7,REL SCH,2009-04-01 04:00,150,,CFS,
MIL,E,7,REL SCH,2009-04-13 04:00,150,,CFS,
MIL,E,7,REL SCH,2009-04-22 04:00,150,,CFS,
MIL,E,7,REL SCH,2009-04-24 04:00,150,,CFS,
MIL,E,7,REL SCH,2009-04-27 04:00,170,,CFS,
MIL,E,7,REL SCH,2009-04-29 04:00,170,,CFS,
MIL,E,7,REL SCH,2009-05-01 04:00,180,,CFS,
MIL,E,7,REL SCH,2009-05-04 04:00,200,,CFS,
MIL,E,7,REL SCH,2009-05-05 04:00,200,,CFS,
MIL,E,7,REL SCH,2009-05-06 04:00,200,,CFS,
MIL,E,7,REL SCH,2009-05-07 04:00,200,,CFS,
MIL,E,7,REL SCH,2009-05-08 04:00,200,,CFS,
MIL,E,7,REL SCH,2009-05-09 04:00,200,,CFS,
MIL,E,7,REL SCH,2009-05-12 04:00,194,,CFS,
MIL,E,7,REL SCH,2009-05-15 04:00,194,,CFS,
MIL,E,7,REL SCH,2009-05-18 04:00,205,,CFS,
MIL,E,7,REL SCH,2009-05-22 04:00,205,,CFS,
MIL,E,7,REL SCH,2009-05-26 04:00,210,,CFS,
MIL,E,7,REL SCH,2009-05-28 04:00,210,,CFS,
MIL,E,7,REL SCH,2009-05-29 04:00,210,,CFS,
MIL,E,7,REL SCH,2009-06-01 04:00,210,,CFS,
MIL,E,7,REL SCH,2009-06-02 04:00,210,,CFS,
MIL,E,7,REL SCH,2009-06-04 04:00,210,,CFS,
MIL,E,7,REL SCH,2009-06-08 04:00,195,,CFS,
MIL,E,7,REL SCH,2009-06-10 04:00,185,,CFS,
MIL,E,7,REL SCH,2009-06-12 04:00,210,,CFS,
MIL,E,7,REL SCH,2009-06-23 12:00,200,,CFS,
MIL,E,7,REL SCH,2009-06-25 04:00,200,,CFS,
MIL,E,7,REL SCH,2009-06-26 04:00,200,,CFS,
MIL,E,7,REL SCH,2009-06-29 04:00,220,,CFS,
MIL,E,7,REL SCH,2009-07-01 04:00,220,,CFS,
MIL,E,7,REL SCH,2009-07-08 04:00,170,,CFS,
MIL,E,7,REL SCH,2009-07-09 04:00,145,,CFS,
MIL,E,7,REL SCH,2009-07-16 04:00,210,,CFS,
MIL,E,7,REL SCH,2009-08-07 04:00,235,,CFS,
MIL,E,7,REL SCH,2009-08-08 18:00,197,,CFS,
MIL,E,7,REL SCH,2009-08-17 04:00,225,,CFS,
MIL,E,7,REL SCH,2009-08-21 04:00,225,,CFS,
MIL,E,7,REL SCH,2009-08-27 04:00,215,,CFS,
MIL,E,7,REL SCH,2009-09-01 04:00,205,,CFS,
MIL,E,7,REL SCH,2009-09-03 04:00,205,,CFS,
MIL,E,7,REL SCH,2009-09-06 04:00,205,,CFS,
MIL,E,7,REL SCH,2009-09-09 04:00,205,,CFS,
MIL,E,7,REL SCH,2009-09-16 04:00,205,,CFS,
MIL,E,7,REL SCH,2009-09-21 04:00,195,,CFS,
MIL,E,7,REL SCH,2009-09-25 04:00,195,,CFS,
MIL,E,7,REL SCH,2009-09-28 04:00,175,,CFS,
MIL,E,7,REL SCH,2009-10-01 04:00,165,,CFS,
MIL,E,7,REL SCH,2009-10-01 23:00,400,,CFS,
MIL,E,7,REL SCH,2009-10-05 04:00,400,,CFS,
MIL,E,7,REL SCH,2009-10-06 09:00,350,,CFS,
MIL,E,7,REL SCH,2009-10-14 04:00,350,,CFS,
MIL,E,7,REL SCH,2009-10-19 04:00,350,,CFS,
MIL,E,7,REL SCH,2009-10-21 04:00,350,,CFS,
MIL,E,7,REL SCH,2009-10-21 12:00,395,,CFS,
MIL,E,7,REL SCH,2009-10-31 04:00,350,,CFS,
MIL,E,7,REL SCH,2009-11-01 17:00,780,,CFS,
MIL,E,7,REL SCH,2009-11-02 02:00,825,,CFS,
MIL,E,7,REL SCH,2009-11-09 04:00,825,,CFS,
MIL,E,7,REL SCH,2009-11-09 10:00,710,,CFS,
MIL,E,7,REL SCH,2009-11-11 11:00,320,,CFS,
MIL,E,7,REL SCH,2009-11-12 04:00,320,,CFS,
MIL,E,7,REL SCH,2009-11-16 04:00,320,,CFS,
MIL,E,7,REL SCH,2009-11-21 12:00,50,,CFS,
MIL,E,7,REL SCH,2009-11-23 04:00,50,,CFS,
MIL,E,7,REL SCH,2009-11-29 04:00,120,,CFS,
MIL,E,7,REL SCH,2009-12-01 04:00,120,,CFS,
MIL,E,7,REL SCH,2009-12-11 04:00,120,,CFS,
MIL,E,7,REL SCH,2009-12-16 04:00,120,,CFS,
MIL,E,7,REL SCH,2009-12-22 04:00,120,,CFS,
MIL,E,7,REL SCH,2009-12-28 04:00,120,,CFS,
MIL,E,7,REL SCH,2009-12-31 04:00,120,,CFS,
MIL,E,7,REL SCH,2010-01-08 04:00,120,,CFS,
MIL,E,7,REL SCH,2010-01-11 04:00,120,,CFS,
MIL,E,7,REL SCH,2010-01-15 04:00,120,,CFS,
MIL,E,7,REL SCH,2010-01-20 04:00,120,,CFS,
MIL,E,7,REL SCH,2010-01-24 04:00,120,,CFS,
MIL,E,7,REL SCH,2010-02-03 04:00,350,,CFS,
MIL,E,7,REL SCH,2010-02-04 04:00,350,,CFS,
MIL,E,7,REL SCH,2010-02-09 04:00,350,,CFS,
MIL,E,7,REL SCH,2010-02-12 04:00,375,,CFS,
MIL,E,7,REL SCH,2010-02-20 04:00,400,,CFS,
MIL,E,7,REL SCH,2010-02-22 04:00,400,,CFS,
MIL,E,7,REL SCH,2010-02-25 04:00,400,,CFS,
MIL,E,7,REL SCH,2010-03-01 04:00,350,,CFS,
MIL,E,7,REL SCH,2010-03-02 04:00,440,,CFS,
MIL,E,7,REL SCH,2010-03-03 04:00,500,,CFS,
MIL,E,7,REL SCH,2010-03-04 04:00,500,,CFS,
MIL,E,7,REL SCH,2010-03-10 04:00,500,,CFS,
MIL,E,7,REL SCH,2010-03-12 04:00,500,,CFS,
MIL,E,7,REL SCH,2010-03-16 04:00,335,,CFS,
MIL,E,7,REL SCH,2010-03-17 04:00,675,,CFS,
MIL,E,7,REL SCH,2010-03-18 04:00,800,,CFS,
MIL,E,7,REL SCH,2010-03-20 04:00,800,,CFS,
MIL,E,7,REL SCH,2010-03-21 04:00,800,,CFS,
MIL,E,7,REL SCH,2010-03-24 04:00,800,,CFS,
MIL,E,7,REL SCH,2010-03-25 04:00,800,,CFS,
MIL,E,7,REL SCH,2010-03-26 04:00,810,,CFS,
MIL,E,7,REL SCH,2010-03-30 04:00,950,,CFS,
MIL,E,7,REL SCH,2010-03-31 04:00,"1,100",,CFS,
MIL,E,7,REL SCH,2010-04-01 04:00,"1,100",,CFS,
MIL,E,7,REL SCH,2010-04-02 04:00,"1,100",,CFS,
MIL,E,7,REL SCH,2010-04-06 04:00,"1,100",,CFS,
MIL,E,7,REL SCH,2010-05-18 04:00,"1,545",,CFS,
MIL,E,7,REL SCH,2010-05-19 04:00,"1,540",,CFS,
MIL,E,7,REL SCH,2010-05-20 04:00,"1,530",,CFS,
MIL,E,7,REL SCH,2010-05-21 04:00,"1,550",,CFS,
MIL,E,7,REL SCH,2010-05-24 04:00,"1,545",,CFS,
MIL,E,7,REL SCH,2010-05-25 04:00,"1,550",,CFS,
MIL,E,7,REL SCH,2010-05-26 04:00,"1,560",,CFS,
MIL,E,7,REL SCH,2010-05-27 04:00,"1,550",,CFS,
MIL,E,7,REL SCH,2010-05-28 04:00,"1,540",,CFS,
MIL,E,7,REL SCH,2010-06-01 04:00,790,,CFS,
MIL,E,7,REL SCH,2010-06-02 04:00,790,,CFS,
MIL,E,7,REL SCH,2010-06-03 04:00,800,,CFS,
MIL,E,7,REL SCH,2010-06-06 04:00,800,,CFS,
MIL,E,7,REL SCH,2010-06-11 04:00,350,,CFS,
MIL,E,7,REL SCH,2010-06-13 04:00,350,,CFS,
MIL,E,7,REL SCH,2010-06-15 04:00,350,,CFS,
MIL,E,7,REL SCH,2010-06-21 04:00,355,,CFS,
MIL,E,7,REL SCH,2010-06-23 04:00,350,,CFS,
MIL,E,7,REL SCH,2010-06-28 04:00,350,,CFS,
MIL,E,7,REL SCH,2010-07-01 04:00,350,,CFS,
MIL,E,7,REL SCH,2010-07-07 04:00,350,,CFS,
MIL,E,7,REL SCH,2010-07-09 04:00,350,,CFS,
MIL,E,7,REL SCH,2010-07-11 04:00,350,,CFS,
MIL,E,7,REL SCH,2010-07-16 04:00,350,,CFS,
MIL,E,7,REL SCH,2010-07-21 04:00,350,,CFS,
MIL,E,7,REL SCH,2010-07-23 04:00,350,,CFS,
MIL,E,7,REL SCH,2010-07-27 04:00,350,,CFS,
MIL,E,7,REL SCH,2010-07-30 04:00,350,,CFS,
MIL,E,7,REL SCH,2010-08-04 04:00,355,,CFS,
MIL,E,7,REL SCH,2010-08-06 04:00,355,,CFS,
MIL,E,7,REL SCH,2010-08-11 04:00,350,,CFS,
MIL,E,7,REL SCH,2010-08-20 04:00,325,,CFS,
MIL,E,7,REL SCH,2010-08-26 04:00,325,,CFS,
MIL,E,7,REL SCH,2010-09-01 04:00,350,,CFS,
MIL,E,7,REL SCH,2010-09-08 04:00,350,,CFS,
MIL,E,7,REL SCH,2010-09-13 04:00,350,,CFS,
MIL,E,7,REL SCH,2010-09-16 04:00,350,,CFS,
MIL,E,7,REL SCH,2010-10-01 04:00,350,,CFS,
MIL,E,7,REL SCH,2010-10-15 04:00,350,,CFS,
MIL,E,7,REL SCH,2010-10-18 04:00,350,,CFS,
MIL,E,7,REL SCH,2010-11-02 04:00,350,,CFS,
MIL,E,7,REL SCH,2010-11-15 16:00,720,,CFS,
MIL,E,7,REL SCH,2010-11-22 16:00,300,,CFS,
MIL,E,7,REL SCH,2010-11-30 04:00,300,,CFS,
MIL,E,7,REL SCH,2010-12-01 16:00,100,,CFS,
MIL,E,7,REL SCH,2010-12-06 10:00,85,,CFS,
MIL,E,7,REL SCH,2010-12-14 04:00,75,,CFS,
MIL,E,7,REL SCH,2010-12-22 04:00,35,,CFS,
MIL,E,7,REL SCH,2010-12-23 16:00,265,,CFS,
MIL,E,7,REL SCH,2010-12-24 16:00,50,,CFS,
MIL,E,7,REL SCH,2010-12-26 04:00,30,,CFS,
MIL,E,7,REL SCH,2010-12-26 15:00,400,,CFS,
MIL,E,7,REL SCH,2010-12-26 17:00,835,,CFS,
MIL,E,7,REL SCH,2010-12-28 04:00,835,,CFS,
MIL,E,7,REL SCH,2010-12-28 08:00,"1,900",,CFS,
MIL,E,7,REL SCH,2010-12-28 10:00,"2,500",,CFS,
MIL,E,7,REL SCH,2010-12-28 17:00,"4,000",,CFS,
MIL,E,7,REL SCH,2011-01-04 14:00,"4,500",,CFS,
MIL,E,7,REL SCH,2011-01-04 15:00,"5,000",,CFS,
MIL,E,7,REL SCH,2011-01-04 16:00,"5,500",,CFS,
MIL,E,7,REL SCH,2011-01-04 17:00,"6,000",,CFS,
MIL,E,7,REL SCH,2011-01-07 08:00,"5,500",,CFS,
MIL,E,7,REL SCH,2011-01-07 10:00,"5,000",,CFS,
MIL,E,7,REL SCH,2011-01-07 12:00,"4,500",,CFS,
MIL,E,7,REL SCH,2011-01-11 04:00,"4,500",,CFS,
MIL,E,7,REL SCH,2011-01-11 10:00,"4,000",,CFS,
MIL,E,7,REL SCH,2011-01-11 12:00,"3,500",,CFS,
MIL,E,7,REL SCH,2011-01-11 14:00,"3,000",,CFS,
MIL,E,7,REL SCH,2011-01-14 09:00,"2,500",,CFS,
MIL,E,7,REL SCH,2011-01-14 11:00,"1,850",,CFS,
MIL,E,7,REL SCH,2011-01-19 04:00,"1,800",,CFS,
MIL,E,7,REL SCH,2011-01-21 04:00,"1,815",,CFS,
MIL,E,7,REL SCH,2011-01-23 04:00,"1,815",,CFS,
MIL,E,7,REL SCH,2011-01-24 12:00,"1,100",,CFS,
MIL,E,7,REL SCH,2011-01-25 12:00,"1,150",,CFS,
MIL,E,7,REL SCH,2011-01-27 09:00,700,,CFS,
MIL,E,7,REL SCH,2011-01-28 04:00,700,,CFS,
MIL,E,7,REL SCH,2011-02-01 09:00,200,,CFS,
MIL,E,7,REL SCH,2011-02-09 04:00,200,,CFS,
MIL,E,7,REL SCH,2011-02-11 04:00,200,,CFS,
MIL,E,7,REL SCH,2011-02-17 04:00,200,,CFS,
MIL,E,7,REL SCH,2011-02-25 04:00,200,,CFS,
MIL,E,7,REL SCH,2011-03-01 04:00,200,,CFS,
MIL,E,7,REL SCH,2011-03-03 04:00,200,,CFS,
MIL,E,7,REL SCH,2011-03-04 09:00,700,,CFS,
MIL,E,7,REL SCH,2011-03-09 04:00,700,,CFS,
MIL,E,7,REL SCH,2011-03-15 04:00,700,,CFS,
MIL,E,7,REL SCH,2011-03-17 04:00,700,,CFS,
MIL,E,7,REL SCH,2011-03-21 16:00,"2,500",,CFS,
MIL,E,7,REL SCH,2011-03-23 15:00,"3,200",,CFS,
MIL,E,7,REL SCH,2011-03-23 17:00,"4,000",,CFS,
MIL,E,7,REL SCH,2011-03-24 10:30,"5,000",,CFS,
MIL,E,7,REL SCH,2011-03-28 07:30,"6,500",,CFS,
MIL,E,7,REL SCH,2011-03-28 08:30,"7,000",,CFS,
MIL,E,7,REL SCH,2011-03-31 12:00,"7,500",,CFS,
MIL,E,7,REL SCH,2011-04-04 08:30,"7,250",,CFS,
MIL,E,7,REL SCH,2011-04-08 15:00,"6,500",,CFS,
MIL,E,7,REL SCH,2011-04-14 04:00,"6,500",,CFS,
MIL,E,7,REL SCH,2011-04-20 04:00,"6,500",,CFS,
MIL,E,7,REL SCH,2011-04-20 16:00,"6,200",,CFS,
MIL,E,7,REL SCH,2011-04-24 04:00,"6,100",,CFS,
MIL,E,7,REL SCH,2011-04-26 14:00,"5,300",,CFS,
MIL,E,7,REL SCH,2011-04-28 09:00,"4,500",,CFS,
MIL,E,7,REL SCH,2011-04-29 04:00,"4,500",,CFS,
MIL,E,7,REL SCH,2011-05-03 04:00,"4,500",,CFS,
MIL,E,7,REL SCH,2011-05-05 12:00,"4,300",,CFS,
MIL,E,7,REL SCH,2011-05-06 12:00,"4,100",,CFS,
MIL,E,7,REL SCH,2011-05-07 12:00,"3,900",,CFS,
MIL,E,7,REL SCH,2011-05-08 12:00,"3,700",,CFS,
MIL,E,7,REL SCH,2011-05-09 12:00,"3,500",,CFS,
MIL,E,7,REL SCH,2011-05-10 12:00,"3,300",,CFS,
MIL,E,7,REL SCH,2011-05-11 12:00,"3,100",,CFS,
MIL,E,7,REL SCH,2011-05-12 12:00,"2,900",,CFS,
MIL,E,7,REL SCH,2011-05-20 04:00,"2,900",,CFS,
MIL,E,7,REL SCH,2011-06-02 14:00,"2,800",,CFS,
MIL,E,7,REL SCH,2011-06-03 14:00,"2,700",,CFS,
MIL,E,7,REL SCH,2011-06-04 14:00,"2,600",,CFS,
MIL,E,7,REL SCH,2011-06-05 14:00,"2,500",,CFS,
MIL,E,7,REL SCH,2011-06-06 14:00,"2,400",,CFS,
MIL,E,7,REL SCH,2011-06-08 10:00,"2,900",,CFS,
MIL,E,7,REL SCH,2011-06-15 14:00,"3,500",,CFS,
MIL,E,7,REL SCH,2011-06-17 09:00,"4,500",,CFS,
MIL,E,7,REL SCH,2011-06-18 09:00,"5,000",,CFS,
MIL,E,7,REL SCH,2011-06-20 16:00,"5,500",,CFS,
MIL,E,7,REL SCH,2011-06-21 09:00,"6,000",,CFS,
MIL,E,7,REL SCH,2011-06-23 15:00,"5,500",,CFS,
MIL,E,7,REL SCH,2011-06-24 09:00,"5,000",,CFS,
MIL,E,7,REL SCH,2011-06-28 09:00,"4,000",,CFS,
MIL,E,7,REL SCH,2011-06-28 14:00,"3,500",,CFS,
MIL,E,7,REL SCH,2011-06-29 12:00,"3,000",,CFS,
MIL,E,7,REL SCH,2011-07-02 16:00,"2,500",,CFS,
MIL,E,7,REL SCH,2011-07-05 09:00,"3,500",,CFS,
MIL,E,7,REL SCH,2011-07-05 15:00,"4,000",,CFS,
MIL,E,7,REL SCH,2011-07-06 06:00,"4,600",,CFS,
MIL,E,7,REL SCH,2011-07-06 11:00,"4,500",,CFS,
MIL,E,7,REL SCH,2011-07-06 14:00,"5,000",,CFS,
MIL,E,7,REL SCH,2011-07-07 01:30,"5,500",,CFS,
MIL,E,7,REL SCH,2011-07-07 02:00,"6,349",,CFS,
MIL,E,7,REL SCH,2011-07-07 09:00,"6,000",,CFS,
MIL,E,7,REL SCH,2011-07-07 11:00,"6,500",,CFS,
MIL,E,7,REL SCH,2011-07-08 07:00,"7,850",,CFS,
MIL,E,7,REL SCH,2011-07-09 13:00,"7,520",,CFS,
MIL,E,7,REL SCH,2011-07-10 13:00,"6,000",,CFS,
MIL,E,7,REL SCH,2011-07-11 08:00,"5,000",,CFS,
MIL,E,7,REL SCH,2011-07-11 18:30,"4,500",,CFS,
MIL,E,7,REL SCH,2011-07-11 21:30,"4,000",,CFS,
MIL,E,7,REL SCH,2011-07-12 02:00,"3,500",,CFS,
MIL,E,7,REL SCH,2011-07-12 04:30,"3,000",,CFS,
MIL,E,7,REL SCH,2011-07-12 07:00,"2,000",,CFS,
MIL,E,7,REL SCH,2011-07-12 10:00,"1,500",,CFS,
MIL,E,7,REL SCH,2011-07-12 11:00,350,,CFS,
MIL,E,7,REL SCH,2011-07-13 09:00,"2,000",,CFS,
MIL,E,7,REL SCH,2011-07-13 16:00,"2,500",,CFS,
MIL,E,7,REL SCH,2011-07-14 14:00,"3,000",,CFS,
MIL,E,7,REL SCH,2011-07-15 07:00,"2,000",,CFS,
MIL,E,7,REL SCH,2011-07-15 13:00,"1,500",,CFS,
MIL,E,7,REL SCH,2011-07-15 15:00,"1,000",,CFS,
MIL,E,7,REL SCH,2011-07-15 19:30,650,,CFS,
MIL,E,7,REL SCH,2011-07-15 20:00,650,,CFS,
MIL,E,7,REL SCH,2011-07-16 20:00,350,,CFS,
MIL,E,7,REL SCH,2011-08-13 04:00,350,,CFS,
MIL,E,7,REL SCH,2011-08-22 04:00,350,,CFS,
MIL,E,7,REL SCH,2011-10-06 04:00,350,,CFS,
MIL,E,7,REL SCH,2011-10-11 12:00,700,,CFS,
MIL,E,7,REL SCH,2011-10-14 04:00,700,,CFS,
MIL,E,7,REL SCH,2011-10-17 04:00,700,,CFS,
MIL,E,7,REL SCH,2011-10-21 14:00,340,,CFS,
MIL,E,7,REL SCH,2011-11-03 04:00,350,,CFS,
MIL,E,7,REL SCH,2011-11-06 10:00,120,,CFS,
MIL,E,7,REL SCH,2011-12-02 04:00,100,,CFS,
MIL,E,7,REL SCH,2011-12-15 04:00,100,,CFS,
MIL,E,7,REL SCH,2011-12-30 04:00,100,,CFS,
MIL,E,7,REL SCH,2012-01-26 04:00,285,,CFS,
MIL,E,7,REL SCH,2012-02-16 04:00,410,,CFS,
MIL,E,7,REL SCH,2012-02-25 12:00,410,,CFS,
MIL,E,7,REL SCH,2012-03-20 12:00,355,,CFS,
MIL,E,7,REL SCH,2012-03-25 04:00,350,,CFS,
MIL,E,7,REL SCH,2012-04-09 04:00,350,,CFS,
MIL,E,7,REL SCH,2012-04-17 14:00,500,,CFS,
MIL,E,7,REL SCH,2012-04-20 04:00,500,,CFS,
MIL,E,7,REL SCH,2012-05-11 04:00,"1,100",,CFS,
MIL,E,7,REL SCH,2012-05-16 04:00,"1,110",,CFS,
MIL,E,7,REL SCH,2012-06-15 04:00,350,,CFS,
MIL,E,7,REL SCH,2012-06-26 04:00,350,,CFS,
MIL,E,7,REL SCH,2012-07-13 04:00,350,,CFS,
MIL,E,7,REL SCH,2012-07-20 04:00,350,,CFS,
MIL,E,7,REL SCH,2012-08-10 04:00,350,,CFS,
MIL,E,7,REL SCH,2012-11-01 04:00,400,,CFS,
MIL,E,7,REL SCH,2012-11-01 13:00,800,,CFS,
MIL,E,7,REL SCH,2012-11-19 04:00,430,,CFS,
MIL,E,7,REL SCH,2012-12-07 04:00,350,,CFS,
MIL,E,7,REL SCH,2013-01-11 04:00,390,,CFS,
MIL,E,7,REL SCH,2013-01-29 04:00,400,,CFS,
MIL,E,7,REL SCH,2013-03-22 04:00,370,,CFS,
MIL,E,7,REL SCH,2013-04-10 04:00,695,,CFS,
MIL,E,7,REL SCH,2013-04-21 04:00,"1,060",,CFS,
MIL,E,7,REL SCH,2013-05-05 04:00,270,,CFS,
MIL,E,7,REL SCH,2013-05-10 04:00,270,,CFS,
MIL,E,7,REL SCH,2013-05-16 04:00,285,,CFS,
MIL,E,7,REL SCH,2013-05-17 04:00,300,,CFS,
MIL,E,7,REL SCH,2013-05-18 04:00,400,,CFS,
MIL,E,7,REL SCH,2013-05-28 04:00,450,,CFS,
MIL,E,7,REL SCH,2013-05-29 10:00,350,,CFS,
MIL,E,7,REL SCH,2013-06-05 13:00,365,,CFS,
MIL,E,7,REL SCH,2013-06-19 04:00,380,,CFS,
MIL,E,7,REL SCH,2013-07-02 04:00,370,,CFS,
MIL,E,7,REL SCH,2013-07-03 04:00,360,,CFS,
MIL,E,7,REL SCH,2013-08-01 04:00,350,,CFS,
MIL,E,7,REL SCH,2013-08-11 22:00,330,,CFS,
MIL,E,7,REL SCH,2013-08-21 04:00,350,,CFS,
MIL,E,7,REL SCH,2013-09-02 04:00,360,,CFS,
MIL,E,7,REL SCH,2013-09-13 21:00,345,,CFS,
MIL,E,7,REL SCH,2013-09-15 04:00,350,,CFS,
MIL,E,7,REL SCH,2013-10-01 15:00,390,,CFS,
MIL,E,7,REL SCH,2013-10-18 13:00,380,,CFS,
MIL,E,7,REL SCH,2013-10-22 14:00,370,,CFS,
MIL,E,7,REL SCH,2013-10-29 10:00,"1,100",,CFS,
MIL,E,7,REL SCH,2013-10-31 09:00,675,,CFS,
MIL,E,7,REL SCH,2013-11-02 09:00,700,,CFS,
MIL,E,7,REL SCH,2013-11-06 10:00,300,,CFS,
MIL,E,7,REL SCH,2013-11-15 10:00,330,,CFS,
MIL,E,7,REL SCH,2013-11-19 10:00,210,,CFS,
MIL,E,7,REL SCH,2013-11-19 21:00,350,,CFS,
MIL,E,7,REL SCH,2013-12-03 16:00,360,,CFS,
MIL,E,7,REL SCH,2013-12-04 04:00,400,,CFS,
MIL,E,7,REL SCH,2013-12-11 21:00,395,,CFS,
MIL,E,7,REL SCH,2013-12-14 12:00,390,,CFS,
MIL,E,7,REL SCH,2014-01-02 16:00,465,,CFS,
MIL,E,7,REL SCH,2014-01-09 16:00,380,,CFS,
MIL,E,7,REL SCH,2014-01-10 17:00,412,,CFS,
MIL,E,7,REL SCH,2014-01-13 16:00,450,,CFS,
MIL,E,7,REL SCH,2014-01-15 17:00,424,,CFS,
MIL,E,7,REL SCH,2014-01-17 14:00,405,,CFS,
MIL,E,7,REL SCH,2014-01-21 14:00,380,,CFS,
MIL,E,7,REL SCH,2014-01-28 16:00,370,,CFS,
MIL,E,7,REL SCH,2014-02-01 10:00,300,,CFS,
MIL,E,7,REL SCH,2014-02-02 10:00,285,,CFS,
MIL,E,7,REL SCH,2014-02-03 10:00,200,,CFS,
MIL,E,7,REL SCH,2014-02-04 19:00,160,,CFS,
MIL,E,7,REL SCH,2014-02-07 16:00,115,,CFS,
MIL,E,7,REL SCH,2014-02-09 16:00,50,,CFS,
MIL,E,7,REL SCH,2014-02-17 17:00,60,,CFS,
MIL,E,7,REL SCH,2014-02-18 17:00,140,,CFS,
MIL,E,7,REL SCH,2014-02-22 15:00,115,,CFS,
MIL,E,7,REL SCH,2014-02-25 15:00,85,,CFS,
MIL,E,7,REL SCH,2014-03-07 08:00,110,,CFS,
MIL,E,7,REL SCH,2014-03-11 10:00,150,,CFS,
MIL,E,7,REL SCH,2014-04-01 15:00,130,,CFS,
MIL,E,7,REL SCH,2014-04-05 12:00,140,,CFS,
MIL,E,7,REL SCH,2014-04-13 17:00,160,,CFS,
MIL,E,7,REL SCH,2014-04-16 16:00,195,,CFS,
MIL,E,7,REL SCH,2014-04-28 16:00,165,,CFS,
MIL,E,7,REL SCH,2014-05-04 10:00,190,,CFS,
MIL,E,7,REL SCH,2014-05-08 12:00,200,,CFS,
MIL,E,7,REL SCH,2014-05-08 20:00,210,,CFS,
MIL,E,7,REL SCH,2014-05-15 15:00,500,,CFS,
MIL,E,7,REL SCH,2014-05-15 16:00,500,,CFS,
MIL,E,7,REL SCH,2014-05-15 21:00,650,,CFS,
MIL,E,7,REL SCH,2014-05-15 22:00,650,,CFS,
MIL,E,7,REL SCH,2014-05-16 16:00,945,,CFS,
MIL,E,7,REL SCH,2014-05-19 23:00,"1,033",,CFS,
MIL,E,7,REL SCH,2014-05-27 18:00,"1,185",,CFS,
MIL,E,7,REL SCH,2014-06-05 04:00,"1,275",,CFS,
MIL,E,7,REL SCH,2014-06-14 15:00,"1,280",,CFS,
MIL,E,7,REL SCH,2014-06-21 02:00,"1,285",,CFS,
MIL,E,7,REL SCH,2014-06-30 17:00,"1,280",,CFS,
MIL,E,7,REL SCH,2014-07-01 23:00,"1,313",,CFS,
MIL,E,7,REL SCH,2014-07-03 01:00,"1,295",,CFS,
MIL,E,7,REL SCH,2014-07-10 10:00,"1,285",,CFS,
MIL,E,7,REL SCH,2014-07-12 15:00,"1,300",,CFS,
MIL,E,7,REL SCH,2014-07-17 09:00,"1,294",,CFS,
MIL,E,7,REL SCH,2014-07-20 11:00,"1,300",,CFS,
MIL,E,7,REL SCH,2014-08-25 04:00,"1,295",,CFS,
MIL,E,7,REL SCH,2014-08-27 04:00,"1,300",,CFS,
MIL,E,7,REL SCH,2014-09-06 13:00,"1,320",,CFS,
MIL,E,7,REL SCH,2014-09-19 12:00,"1,130",,CFS,
MIL,E,7,REL SCH,2014-09-22 12:00,960,,CFS,
MIL,E,7,REL SCH,2014-09-24 14:00,860,,CFS,
MIL,E,7,REL SCH,2014-09-25 11:00,655,,CFS,
MIL,E,7,REL SCH,2014-09-26 13:00,440,,CFS,
MIL,E,7,REL SCH,2014-09-27 12:00,300,,CFS,
MIL,E,7,REL SCH,2014-10-01 17:00,180,,CFS,
MIL,E,7,REL SCH,2014-10-08 04:00,170,,CFS,
MIL,E,7,REL SCH,2014-10-10 04:00,145,,CFS,
MIL,E,7,REL SCH,2014-10-16 15:09,199,,CFS,
MIL,E,7,REL SCH,2014-10-17 12:00,190,,CFS,
MIL,E,7,REL SCH,2014-10-20 16:00,145,,CFS,
MIL,E,7,REL SCH,2014-10-26 12:00,150,,CFS,
MIL,E,7,REL SCH,2014-11-01 14:00,135,,CFS,
MIL,E,7,REL SCH,2014-11-05 23:00,140,,CFS,
MIL,E,7,REL SCH,2014-11-07 09:00,145,,CFS,
MIL,E,7,REL SCH,2014-11-08 21:00,155,,CFS,
MIL,E,7,REL SCH,2014-11-12 18:00,165,,CFS,
MIL,E,7,REL SCH,2014-11-15 11:00,150,,CFS,
MIL,E,7,REL SCH,2014-11-16 03:00,147,,CFS,
MIL,E,7,REL SCH,2014-11-21 18:00,155,,CFS,
MIL,E,7,REL SCH,2014-11-30 12:00,135,,CFS,
MIL,E,7,REL SCH,2014-12-05 20:00,153,,CFS,
MIL,E,7,REL SCH,2014-12-11 16:00,140,,CFS,
MIL,E,7,REL SCH,2014-12-15 16:00,125,,CFS,
MIL,E,7,REL SCH,2014-12-23 04:00,135,,CFS,
MIL,E,7,REL SCH,2014-12-31 13:00,155,,CFS,
MIL,E,7,REL SCH,2015-01-08 14:00,135,,CFS,
MIL,E,7,REL SCH,2015-01-17 16:00,140,,CFS,
MIL,E,7,REL SCH,2015-01-25 17:00,133,,CFS,
MIL,E,7,REL SCH,2015-02-03 16:00,140,,CFS,
MIL,E,7,REL SCH,2015-02-19 16:00,150,,CFS,
MIL,E,7,REL SCH,2015-03-01 13:00,160,,CFS,
MIL,E,7,REL SCH,2015-03-07 19:00,185,,CFS,
MIL,E,7,REL SCH,2015-03-23 10:00,190,,CFS,
MIL,E,7,REL SCH,2015-04-06 12:00,195,,CFS,
MIL,E,7,REL SCH,2015-04-15 13:00,200,,CFS,
MIL,E,7,REL SCH,2015-04-21 12:00,215,,CFS,
MIL,E,7,REL SCH,2015-04-22 22:00,205,,CFS,
MIL,E,7,REL SCH,2015-05-07 18:00,229,,CFS,
MIL,E,7,REL SCH,2015-05-28 04:00,229,,CFS,
MIL,E,7,REL SCH,2015-05-29 16:00,250,,CFS,
MIL,E,7,REL SCH,2015-06-05 12:00,265,,CFS,
MIL,E,7,REL SCH,2015-06-10 21:00,270,,CFS,
MIL,E,7,REL SCH,2015-06-12 04:00,260,,CFS,
MIL,E,7,REL SCH,2015-06-15 13:00,270,,CFS,
MIL,E,7,REL SCH,2015-06-20 07:00,295,,CFS,
MIL,E,7,REL SCH,2015-06-25 10:00,275,,CFS,
MIL,E,7,REL SCH,2015-06-25 21:00,285,,CFS,
MIL,E,7,REL SCH,2015-06-27 11:00,260,,CFS,
MIL,E,7,REL SCH,2015-06-28 22:00,265,,CFS,
MIL,E,7,REL SCH,2015-07-01 07:00,270,,CFS,
MIL,E,7,REL SCH,2015-07-14 08:00,745,,CFS,
MIL,E,7,REL SCH,2015-07-14 16:00,"1,040",,CFS,
MIL,E,7,REL SCH,2015-07-15 09:00,"1,473",,CFS,
MIL,E,7,REL SCH,2015-07-15 15:00,"2,005",,CFS,
MIL,E,7,REL SCH,2015-07-18 09:00,"1,425",,CFS,
MIL,E,7,REL SCH,2015-07-19 11:00,"1,350",,CFS,
MIL,E,7,REL SCH,2015-07-20 10:00,"1,190",,CFS,
MIL,E,7,REL SCH,2015-07-29 18:00,"1,205",,CFS,
MIL,E,7,REL SCH,2015-07-30 16:00,"1,240",,CFS,
MIL,E,7,REL SCH,2015-07-31 11:00,"1,205",,CFS,
MIL,E,7,REL SCH,2015-08-06 17:00,"1,610",,CFS,
MIL,E,7,REL SCH,2015-08-07 14:00,"1,200",,CFS,
MIL,E,7,REL SCH,2015-08-08 17:00,"1,200",,CFS,
MIL,E,7,REL SCH,2015-08-14 16:00,"1,250",,CFS,
MIL,E,7,REL SCH,2015-08-15 13:00,"1,210",,CFS,
MIL,E,7,REL SCH,2015-08-23 08:00,"1,225",,CFS,
MIL,E,7,REL SCH,2015-08-29 09:00,975,,CFS,
MIL,E,7,REL SCH,2015-08-30 09:00,690,,CFS,
MIL,E,7,REL SCH,2015-08-31 09:00,250,,CFS,
MIL,E,7,REL SCH,2015-09-01 13:00,180,,CFS,
MIL,E,7,REL SCH,2015-09-12 12:00,165,,CFS,
MIL,E,7,REL SCH,2015-09-14 17:00,165,,CFS,
MIL,E,7,REL SCH,2015-09-21 01:00,175,,CFS,
MIL,E,7,REL SCH,2015-09-28 14:00,215,,CFS,
MIL,E,7,REL SCH,2015-09-29 10:00,193,,CFS,
MIL,E,7,REL SCH,2015-10-19 16:00,180,,CFS,
MIL,E,7,REL SCH,2015-10-29 13:00,165,,CFS,
MIL,E,7,REL SCH,2015-11-01 14:00,160,,CFS,
MIL,E,7,REL SCH,2015-11-05 16:00,150,,CFS,
MIL,E,7,REL SCH,2015-11-24 10:00,135,,CFS,
MIL,E,7,REL SCH,2015-11-29 12:00,155,,CFS,
MIL,E,7,REL SCH,2015-12-07 16:00,145,,CFS,
MIL,E,7,REL SCH,2015-12-08 16:00,145,,CFS,
MIL,E,7,REL SCH,2015-12-08 23:00,160,,CFS,
MIL,E,7,REL SCH,2015-12-23 01:00,165,,CFS,
MIL,E,7,REL SCH,2015-12-30 10:00,145,,CFS,
MIL,E,7,REL SCH,2016-01-03 17:00,120,,CFS,
MIL,E,7,REL SCH,2016-01-12 15:00,100,,CFS,
MIL,E,7,REL SCH,2016-01-15 08:00,130,,CFS,
MIL,E,7,REL SCH,2016-01-18 16:00,110,,CFS,
MIL,E,7,REL SCH,2016-01-18 18:00,90,,CFS,
MIL,E,7,REL SCH,2016-01-19 14:00,70,,CFS,
MIL,E,7,REL SCH,2016-01-20 16:00,110,,CFS,
MIL,E,7,REL SCH,2016-01-28 16:00,140,,CFS,
MIL,E,7,REL SCH,2016-02-01 10:00,93,,CFS,
MIL,E,7,REL SCH,2016-02-02 04:00,100,,CFS,
MIL,E,7,REL SCH,2016-02-04 04:00,90,,CFS,
MIL,E,7,REL SCH,2016-02-10 16:00,105,,CFS,
MIL,E,7,REL SCH,2016-02-11 12:00,125,,CFS,
MIL,E,7,REL SCH,2016-02-12 12:00,145,,CFS,
MIL,E,7,REL SCH,2016-02-15 18:00,178,,CFS,
MIL,E,7,REL SCH,2016-02-16 12:00,250,,CFS,
MIL,E,7,REL SCH,2016-02-19 10:00,280,,CFS,
MIL,E,7,REL SCH,2016-02-26 16:00,270,,CFS,
MIL,E,7,REL SCH,2016-02-27 16:00,270,,CFS,
MIL,E,7,REL SCH,2016-02-28 11:00,275,,CFS,
MIL,E,7,REL SCH,2016-03-02 16:00,247,,CFS,
MIL,E,7,REL SCH,2016-03-07 04:00,170,,CFS,
MIL,E,7,REL SCH,2016-03-08 04:00,130,,CFS,
MIL,E,7,REL SCH,2016-03-11 04:00,175,,CFS,
MIL,E,7,REL SCH,2016-03-12 04:00,200,,CFS,
MIL,E,7,REL SCH,2016-03-16 04:00,205,,CFS,
MIL,E,7,REL SCH,2016-03-17 04:00,175,,CFS,
MIL,E,7,REL SCH,2016-03-18 04:00,160,,CFS,
MIL,E,7,REL SCH,2016-03-19 04:00,185,,CFS,
MIL,E,7,REL SCH,2016-03-20 04:00,200,,CFS,
MIL,E,7,REL SCH,2016-03-22 04:00,200,,CFS,
MIL,E,7,REL SCH,2016-03-23 04:00,215,,CFS,
MIL,E,7,REL SCH,2016-03-24 04:00,230,,CFS,
MIL,E,7,REL SCH,2016-03-29 04:00,230,,CFS,
MIL,E,7,REL SCH,2016-03-30 04:00,250,,CFS,
MIL,E,7,REL SCH,2016-03-31 04:00,265,,CFS,
MIL,E,7,REL SCH,2016-04-01 04:00,290,,CFS,
MIL,E,7,REL SCH,2016-04-02 04:00,300,,CFS,
MIL,E,7,REL SCH,2016-04-04 04:00,412,,CFS,
MIL,E,7,REL SCH,2016-04-05 04:00,465,,CFS,
MIL,E,7,REL SCH,2016-04-06 04:00,330,,CFS,
MIL,E,7,REL SCH,2016-04-07 10:00,261,,CFS,
MIL,E,7,REL SCH,2016-04-08 10:00,393,,CFS,
MIL,E,7,REL SCH,2016-04-09 10:00,328,,CFS,
MIL,E,7,REL SCH,2016-04-10 10:00,262,,CFS,
MIL,E,7,REL SCH,2016-04-11 10:00,262,,CFS,
MIL,E,7,REL SCH,2016-04-12 10:00,252,,CFS,
MIL,E,7,REL SCH,2016-04-13 10:00,261,,CFS,
MIL,E,7,REL SCH,2016-04-14 10:00,261,,CFS,
MIL,E,7,REL SCH,2016-04-15 10:00,261,,CFS,
MIL,E,7,REL SCH,2016-04-16 10:00,261,,CFS,
MIL,E,7,REL SCH,2016-04-17 10:00,260,,CFS,
MIL,E,7,REL SCH,2016-04-18 10:00,262,,CFS,
MIL,E,7,REL SCH,2016-04-19 10:00,261,,CFS,
MIL,E,7,REL SCH,2016-04-20 10:00,394,,CFS,
MIL,E,7,REL SCH,2016-04-21 10:00,327,,CFS,
MIL,E,7,REL SCH,2016-04-22 10:00,260,,CFS,
MIL,E,7,REL SCH,2016-04-23 10:00,260,,CFS,
MIL,E,7,REL SCH,2016-04-24 10:00,260,,CFS,
MIL,E,7,REL SCH,2016-04-25 10:00,388,,CFS,
MIL,E,7,REL SCH,2016-04-26 10:00,337,,CFS,
MIL,E,7,REL SCH,2016-04-27 10:00,276,,CFS,
MIL,E,7,REL SCH,2016-04-28 10:00,407,,CFS,
MIL,E,7,REL SCH,2016-04-29 10:00,330,,CFS,
MIL,E,7,REL SCH,2016-04-30 10:00,277,,CFS,
MIL,E,7,REL SCH,2016-05-01 10:00,278,,CFS,
MIL,E,7,REL SCH,2016-05-02 10:00,408,,CFS,
MIL,E,7,REL SCH,2016-05-03 10:00,333,,CFS,
MIL,E,7,REL SCH,2016-05-04 10:00,262,,CFS,
MIL,E,7,REL SCH,2016-05-09 10:00,344,,CFS,
MIL,E,7,REL SCH,2016-05-10 10:00,335,,CFS,
MIL,E,7,REL SCH,2016-05-11 10:00,322,,CFS,
MIL,E,7,REL SCH,2016-05-12 10:00,322,,CFS,
MIL,E,7,REL SCH,2016-05-13 10:00,322,,CFS,
MIL,E,7,REL SCH,2016-05-14 10:00,322,,CFS,
MIL,E,7,REL SCH,2016-05-15 10:00,329,,CFS,
MIL,E,7,REL SCH,2016-05-16 10:00,340,,CFS,
MIL,E,7,REL SCH,2016-05-17 10:00,341,,CFS,
MIL,E,7,REL SCH,2016-05-18 10:00,342,,CFS,
MIL,E,7,REL SCH,2016-05-19 10:00,342,,CFS,
MIL,E,7,REL SCH,2016-05-20 10:00,342,,CFS,
MIL,E,7,REL SCH,2016-05-21 10:00,307,,CFS,
MIL,E,7,REL SCH,2016-05-22 10:00,339,,CFS,
MIL,E,7,REL SCH,2016-05-23 10:00,325,,CFS,
MIL,E,7,REL SCH,2016-05-24 10:00,344,,CFS,
MIL,E,7,REL SCH,2016-05-25 10:00,331,,CFS,
MIL,E,7,REL SCH,2016-05-26 10:00,332,,CFS,
MIL,E,7,REL SCH,2016-05-27 10:00,333,,CFS,
MIL,E,7,REL SCH,2016-05-28 10:00,348,,CFS,
MIL,E,7,REL SCH,2016-05-29 10:00,360,,CFS,
MIL,E,7,REL SCH,2016-05-30 10:00,361,,CFS,
MIL,E,7,REL SCH,2016-05-31 10:00,362,,CFS,
MIL,E,7,REL SCH,2016-06-01 10:00,335,,CFS,
MIL,E,7,REL SCH,2016-06-02 10:00,348,,CFS,
MIL,E,7,REL SCH,2016-06-03 10:00,349,,CFS,
MIL,E,7,REL SCH,2016-06-04 10:00,311,,CFS,
MIL,E,7,REL SCH,2016-06-05 10:00,285,,CFS,
MIL,E,7,REL SCH,2016-06-06 10:00,286,,CFS,
MIL,E,7,REL SCH,2016-06-07 10:00,288,,CFS,
MIL,E,7,REL SCH,2016-06-08 10:00,289,,CFS,
MIL,E,7,REL SCH,2016-06-09 10:00,289,,CFS,
MIL,E,7,REL SCH,2016-06-10 10:00,290,,CFS,
MIL,E,7,REL SCH,2016-06-11 10:00,291,,CFS,
MIL,E,7,REL SCH,2016-06-13 10:00,292,,CFS,
MIL,E,7,REL SCH,2016-06-14 10:00,290,,CFS,
MIL,E,7,REL SCH,2016-06-15 10:00,291,,CFS,
MIL,E,7,REL SCH,2016-06-16 10:00,291,,CFS,
MIL,E,7,REL SCH,2016-06-17 10:00,291,,CFS,
MIL,E,7,REL SCH,2016-06-18 10:00,292,,CFS,
MIL,E,7,REL SCH,2016-06-19 10:00,293,,CFS,
MIL,E,7,REL SCH,2016-06-20 10:00,293,,CFS,
MIL,E,7,REL SCH,2016-06-21 10:00,293,,CFS,
MIL,E,7,REL SCH,2016-06-22 10:00,293,,CFS,
MIL,E,7,REL SCH,2016-06-23 10:00,293,,CFS,
MIL,E,7,REL SCH,2016-06-24 10:00,293,,CFS,
MIL,E,7,REL SCH,2016-06-25 10:00,293,,CFS,
MIL,E,7,REL SCH,2016-06-26 10:00,294,,CFS,
MIL,E,7,REL SCH,2016-06-27 10:00,293,,CFS,
MIL,E,7,REL SCH,2016-06-28 10:00,293,,CFS,
MIL,E,7,REL SCH,2016-06-30 10:00,293,,CFS,
MIL,E,7,REL SCH,2016-07-01 10:00,292,,CFS,
MIL,E,7,REL SCH,2016-07-04 10:00,292,,CFS,
MIL,E,7,REL SCH,2016-07-05 10:00,292,,CFS,
MIL,E,7,REL SCH,2016-07-07 10:00,292,,CFS,
MIL,E,7,REL SCH,2016-07-09 10:00,291,,CFS,
MIL,E,7,REL SCH,2016-07-11 10:00,425,,CFS,
MIL,E,7,REL SCH,2016-07-12 10:00,491,,CFS,
MIL,E,7,REL SCH,2016-07-13 10:00,491,,CFS,
MIL,E,7,REL SCH,2016-07-14 00:00,490,,CFS,
MIL,E,7,REL SCH,2016-07-15 10:00,489,,CFS,
MIL,E,7,REL SCH,2016-07-17 10:00,488,,CFS,
MIL,E,7,REL SCH,2016-07-18 10:00,487,,CFS,
MIL,E,7,REL SCH,2016-07-19 10:00,486,,CFS,
MIL,E,7,REL SCH,2016-07-20 20:00,"1,025",,CFS,
MIL,E,7,REL SCH,2016-07-21 09:00,"1,200",,CFS,
MIL,E,7,REL SCH,2016-07-29 19:00,800,,CFS,
MIL,E,7,REL SCH,2016-08-05 09:00,745,,CFS,
MIL,E,7,REL SCH,2016-08-06 13:00,450,,CFS,
MIL,E,7,REL SCH,2016-08-07 09:00,810,,CFS,
MIL,E,7,REL SCH,2016-08-09 00:00,860,,CFS,
MIL,E,7,REL SCH,2016-08-12 10:00,485,,CFS,
MIL,E,7,REL SCH,2016-08-16 10:00,480,,CFS,
MIL,E,7,REL SCH,2016-08-21 10:00,480,,CFS,
MIL,E,7,REL SCH,2016-08-23 09:00,475,,CFS,
MIL,E,7,REL SCH,2016-09-06 16:00,470,,CFS,
MIL,E,7,REL SCH,2016-09-20 17:00,419,,CFS,
MIL,E,7,REL SCH,2016-09-21 20:00,410,,CFS,
MIL,E,7,REL SCH,2016-10-06 10:00,410,,CFS,
MIL,E,7,REL SCH,2016-10-16 10:00,410,,CFS,
MIL,E,7,REL SCH,2016-10-20 16:00,384,,CFS,
MIL,E,7,REL SCH,2016-10-27 17:00,515,,CFS,
MIL,E,7,REL SCH,2016-10-30 12:00,461,,CFS,
MIL,E,7,REL SCH,2016-11-03 09:00,442,,CFS,
MIL,E,7,REL SCH,2016-11-04 13:00,360,,CFS,
MIL,E,7,REL SCH,2016-11-08 13:00,390,,CFS,
MIL,E,7,REL SCH,2016-11-14 08:00,455,,CFS,
MIL,E,7,REL SCH,2016-11-15 02:00,452,,CFS,
MIL,E,7,REL SCH,2016-11-17 21:00,397,,CFS,
MIL,E,7,REL SCH,2016-11-18 11:00,213,,CFS,
MIL,E,7,REL SCH,2016-11-25 13:00,175,,CFS,
MIL,E,7,REL SCH,2016-11-27 10:00,135,,CFS,
MIL,E,7,REL SCH,2016-12-02 17:00,165,,CFS,
MIL,E,7,REL SCH,2016-12-03 00:00,165,,CFS,
MIL,E,7,REL SCH,2016-12-13 16:00,175,,CFS,
MIL,E,7,REL SCH,2016-12-14 08:00,180,,CFS,
MIL,E,7,REL SCH,2016-12-16 16:00,170,,CFS,
MIL,E,7,REL SCH,2016-12-20 16:00,200,,CFS,
MIL,E,7,REL SCH,2016-12-23 13:00,220,,CFS,
MIL,E,7,REL SCH,2017-01-02 08:00,220,,CFS,
MIL,E,7,REL SCH,2017-01-03 12:00,200,,CFS,
MIL,E,7,REL SCH,2017-01-04 16:00,700,,CFS,
MIL,E,7,REL SCH,2017-01-04 19:00,"1,000",,CFS,
MIL,E,7,REL SCH,2017-01-04 20:00,"1,350",,CFS,
MIL,E,7,REL SCH,2017-01-05 07:00,"1,700",,CFS,
MIL,E,7,REL SCH,2017-01-05 09:00,"2,000",,CFS,
MIL,E,7,REL SCH,2017-01-05 11:00,"2,500",,CFS,
MIL,E,7,REL SCH,2017-01-05 12:00,"2,850",,CFS,
MIL,E,7,REL SCH,2017-01-05 14:00,"3,500",,CFS,
MIL,E,7,REL SCH,2017-01-05 15:00,"4,000",,CFS,
MIL,E,7,REL SCH,2017-01-05 16:00,"5,000",,CFS,
MIL,E,7,REL SCH,2017-01-07 16:00,"6,000",,CFS,
MIL,E,7,REL SCH,2017-01-11 08:00,"6,089",,CFS,
MIL,E,7,REL SCH,2017-01-12 16:00,"4,000",,CFS,
MIL,E,7,REL SCH,2017-01-13 07:00,"5,000",,CFS,
MIL,E,7,REL SCH,2017-01-23 08:00,"4,963",,CFS,
MIL,E,7,REL SCH,2017-01-24 08:00,"4,278",,CFS,
MIL,E,7,REL SCH,2017-01-25 16:00,"4,100",,CFS,
MIL,E,7,REL SCH,2017-01-26 10:00,"4,000",,CFS,
MIL,E,7,REL SCH,2017-01-27 13:00,"4,500",,CFS,
MIL,E,7,REL SCH,2017-01-27 14:00,"5,000",,CFS,
MIL,E,7,REL SCH,2017-01-27 15:00,"5,500",,CFS,
MIL,E,7,REL SCH,2017-01-30 06:00,"3,500",,CFS,
MIL,E,7,REL SCH,2017-01-30 08:00,"2,000",,CFS,
MIL,E,7,REL SCH,2017-02-01 08:00,"1,995",,CFS,
MIL,E,7,REL SCH,2017-02-06 13:00,"3,000",,CFS,
MIL,E,7,REL SCH,2017-02-06 14:00,"4,000",,CFS,
MIL,E,7,REL SCH,2017-02-06 15:00,"5,000",,CFS,
MIL,E,7,REL SCH,2017-02-06 16:00,"6,000",,CFS,
MIL,E,7,REL SCH,2017-02-08 08:00,"6,328",,CFS,
MIL,E,7,REL SCH,2017-02-08 12:00,"7,000",,CFS,
MIL,E,7,REL SCH,2017-02-09 08:00,"7,064",,CFS,
MIL,E,7,REL SCH,2017-02-11 12:00,"8,000",,CFS,
MIL,E,7,REL SCH,2017-02-12 07:00,"9,000",,CFS,
MIL,E,7,REL SCH,2017-02-14 08:00,"8,994",,CFS,
MIL,E,7,REL SCH,2017-02-14 17:00,"8,500",,CFS,
MIL,E,7,REL SCH,2017-02-16 16:00,"8,000",,CFS,
MIL,E,7,REL SCH,2017-02-19 10:00,"8,500",,CFS,
MIL,E,7,REL SCH,2017-02-20 11:00,"7,000",,CFS,
MIL,E,7,REL SCH,2017-02-20 20:00,"8,250",,CFS,
MIL,E,7,REL SCH,2017-02-21 07:00,"8,750",,CFS,
MIL,E,7,REL SCH,2017-02-22 10:00,"9,000",,CFS,
MIL,E,7,REL SCH,2017-03-08 16:00,"8,850",,CFS,
MIL,E,7,REL SCH,2017-03-16 09:00,"7,700",,CFS,
MIL,E,7,REL SCH,2017-03-24 02:30,"7,000",,CFS,
MIL,E,7,REL SCH,2017-03-24 16:00,"6,400",,CFS,
MIL,E,7,REL SCH,2017-03-25 08:00,"6,000",,CFS,
MIL,E,7,REL SCH,2017-03-26 08:00,"5,000",,CFS,
MIL,E,7,REL SCH,2017-03-27 08:00,"4,000",,CFS,
MIL,E,7,REL SCH,2017-03-27 15:30,"3,500",,CFS,
MIL,E,7,REL SCH,2017-03-27 19:00,"3,300",,CFS,
MIL,E,7,REL SCH,2017-03-28 15:00,"3,000",,CFS,
MIL,E,7,REL SCH,2017-03-29 13:00,"2,500",,CFS,
MIL,E,7,REL SCH,2017-03-30 08:00,"2,000",,CFS,
MIL,E,7,REL SCH,2017-04-06 12:00,"2,500",,CFS,
MIL,E,7,REL SCH,2017-04-07 08:00,"3,500",,CFS,
MIL,E,7,REL SCH,2017-04-07 10:00,"4,000",,CFS,
MIL,E,7,REL SCH,2017-04-09 09:30,"4,500",,CFS,
MIL,E,7,REL SCH,2017-04-09 10:30,"5,000",,CFS,
MIL,E,7,REL SCH,2017-04-09 11:30,"5,500",,CFS,
MIL,E,7,REL SCH,2017-04-12 12:00,0,,CFS,
MIL,E,7,REL SCH,2017-04-12 17:00,"5,300",,CFS,
MIL,E,7,REL SCH,2017-04-12 18:00,"5,000",,CFS,
MIL,E,7,REL SCH,2017-04-14 10:00,"4,500",,CFS,
MIL,E,7,REL SCH,2017-04-14 14:00,"4,000",,CFS,
MIL,E,7,REL SCH,2017-04-15 08:00,"3,500",,CFS,
MIL,E,7,REL SCH,2017-04-18 16:00,"3,300",,CFS,
MIL,E,7,REL SCH,2017-04-18 17:00,"3,050",,CFS,
MIL,E,7,REL SCH,2017-04-20 13:00,"3,500",,CFS,
MIL,E,7,REL SCH,2017-04-21 10:00,"4,000",,CFS,
MIL,E,7,REL SCH,2017-04-21 13:00,"4,500",,CFS,
MIL,E,7,REL SCH,2017-04-24 08:00,"5,000",,CFS,
MIL,E,7,REL SCH,2017-04-24 10:00,"5,500",,CFS,
MIL,E,7,REL SCH,2017-04-27 08:00,"6,000",,CFS,
MIL,E,7,REL SCH,2017-05-01 14:00,"5,000",,CFS,
MIL,E,7,REL SCH,2017-05-02 18:00,"4,000",,CFS,
MIL,E,7,REL SCH,2017-05-07 10:00,"4,500",,CFS,
MIL,E,7,REL SCH,2017-05-07 13:00,"5,000",,CFS,
MIL,E,7,REL SCH,2017-05-09 12:00,"4,500",,CFS,
MIL,E,7,REL SCH,2017-05-09 15:00,"4,000",,CFS,
MIL,E,7,REL SCH,2017-05-15 17:00,"3,500",,CFS,
MIL,E,7,REL SCH,2017-05-16 17:00,"3,000",,CFS,
MIL,E,7,REL SCH,2017-05-18 12:00,"2,500",,CFS,
MIL,E,7,REL SCH,2017-05-24 13:00,"3,500",,CFS,
MIL,E,7,REL SCH,2017-05-26 07:00,"3,000",,CFS,
MIL,E,7,REL SCH,2017-05-26 09:00,"3,500",,CFS,
MIL,E,7,REL SCH,2017-05-26 11:00,"4,000",,CFS,
MIL,E,7,REL SCH,2017-05-28 07:00,"4,500",,CFS,
MIL,E,7,REL SCH,2017-05-28 09:00,"5,000",,CFS,
MIL,E,7,REL SCH,2017-05-28 11:00,"5,500",,CFS,
MIL,E,7,REL SCH,2017-05-29 10:00,"6,000",,CFS,
MIL,E,7,REL SCH,2017-05-29 13:00,"6,500",,CFS,
MIL,E,7,REL SCH,2017-05-30 08:00,"7,000",,CFS,
MIL,E,7,REL SCH,2017-05-30 10:00,"7,500",,CFS,
MIL,E,7,REL SCH,2017-05-30 12:00,"8,000",,CFS,
MIL,E,7,REL SCH,2017-05-30 13:00,"8,000",,CFS,
MIL,E,7,REL SCH,2017-06-02 08:00,"8,000",,CFS,
MIL,E,7,REL SCH,2017-06-05 08:00,"8,000",,CFS,
MIL,E,7,REL SCH,2017-06-14 11:00,"7,500",,CFS,
MIL,E,7,REL SCH,2017-06-16 09:00,"7,000",,CFS,
MIL,E,7,REL SCH,2017-06-20 09:00,"8,000",,CFS,
MIL,E,7,REL SCH,2017-06-22 14:00,"8,500",,CFS,
MIL,E,7,REL SCH,2017-06-23 14:00,"9,000",,CFS,
MIL,E,7,REL SCH,2017-06-25 15:30,"8,000",,CFS,
MIL,E,7,REL SCH,2017-06-25 18:00,"7,500",,CFS,
MIL,E,7,REL SCH,2017-06-26 08:00,"7,000",,CFS,
MIL,E,7,REL SCH,2017-06-26 09:00,"6,500",,CFS,
MIL,E,7,REL SCH,2017-06-26 10:00,"6,000",,CFS,
MIL,E,7,REL SCH,2017-06-26 17:00,"5,500",,CFS,
MIL,E,7,REL SCH,2017-06-27 09:00,"5,500",,CFS,
MIL,E,7,REL SCH,2017-06-28 08:00,"5,500",,CFS,
MIL,E,7,REL SCH,2017-06-29 08:00,"5,000",,CFS,
MIL,E,7,REL SCH,2017-06-29 10:00,"4,500",,CFS,
MIL,E,7,REL SCH,2017-06-29 16:00,"4,000",,CFS,
MIL,E,7,REL SCH,2017-06-29 17:00,"3,500",,CFS,
MIL,E,7,REL SCH,2017-06-29 19:00,"3,000",,CFS,
MIL,E,7,REL SCH,2017-06-29 21:00,"2,500",,CFS,
MIL,E,7,REL SCH,2017-07-08 02:00,"3,000",,CFS,
MIL,E,7,REL SCH,2017-07-10 00:01,"3,500",,CFS,
MIL,E,7,REL SCH,2017-07-10 07:00,"2,500",,CFS,
MIL,E,7,REL SCH,2017-07-11 00:01,"3,000",,CFS,
MIL,E,7,REL SCH,2017-07-11 07:15,"2,500",,CFS,
MIL,E,7,REL SCH,2017-07-11 10:00,"2,000",,CFS,
MIL,E,7,REL SCH,2017-07-12 00:01,"2,500",,CFS,
MIL,E,7,REL SCH,2017-07-12 07:00,"3,000",,CFS,
MIL,E,7,REL SCH,2017-07-12 22:00,"2,500",,CFS,
MIL,E,7,REL SCH,2017-07-13 00:01,"2,200",,CFS,
MIL,E,7,REL SCH,2017-07-13 19:00,"1,950",,CFS,
MIL,E,7,REL SCH,2017-07-14 10:00,"1,700",,CFS,
MIL,E,7,REL SCH,2017-07-14 13:00,"1,500",,CFS,
MIL,E,7,REL SCH,2017-07-14 15:00,"1,300",,CFS,
MIL,E,7,REL SCH,2017-07-14 17:00,"1,100",,CFS,
MIL,E,7,REL SCH,2017-07-14 19:00,900,,CFS,
MIL,E,7,REL SCH,2017-07-14 21:00,750,,CFS,
MIL,E,7,REL SCH,2017-07-18 01:00,654,,CFS,
MIL,E,7,REL SCH,2017-07-19 10:00,500,,CFS,
MIL,E,7,REL SCH,2017-07-19 14:00,450,,CFS,
MIL,E,7,REL SCH,2017-07-26 18:00,390,,CFS,
MIL,E,7,REL SCH,2017-07-27 07:00,360,,CFS,
MIL,E,7,REL SCH,2017-08-02 01:00,350,,CFS,
MIL,E,7,REL SCH,2017-08-09 11:00,365,,CFS,
MIL,E,7,REL SCH,2017-08-11 01:00,"3,598",,CFS,
MIL,E,7,REL SCH,2017-09-06 13:00,515,,CFS,
MIL,E,7,REL SCH,2017-09-06 18:00,660,,CFS,
MIL,E,7,REL SCH,2017-09-07 11:00,565,,CFS,
MIL,E,7,REL SCH,2017-09-08 09:00,471,,CFS,
MIL,E,7,REL SCH,2017-09-09 09:00,431,,CFS,
MIL,E,7,REL SCH,2017-09-11 09:00,375,,CFS,
MIL,E,7,REL SCH,2017-10-02 14:00,410,,CFS,
MIL,E,7,REL SCH,2017-10-04 14:00,384,,CFS,
MIL,E,7,REL SCH,2017-10-07 00:00,371,,CFS,
MIL,E,7,REL SCH,2017-10-24 12:00,366,,CFS,
MIL,E,7,REL SCH,2017-10-26 12:00,366,,CFS,
MIL,E,7,REL SCH,2017-10-27 11:00,400,,CFS,
MIL,E,7,REL SCH,2017-10-31 01:00,393,,CFS,
MIL,E,7,REL SCH,2017-11-20 16:00,398,,CFS,
MIL,E,7,REL SCH,2017-11-21 10:00,420,,CFS,
MIL,E,7,REL SCH,2017-11-25 11:30,398,,CFS,
MIL,E,7,REL SCH,2017-12-01 01:00,375,,CFS,
MIL,E,7,REL SCH,2017-12-15 01:00,375,,CFS,
MIL,E,7,REL SCH,2017-12-20 01:00,380,,CFS,
MIL,E,7,REL SCH,2017-12-21 17:00,410,,CFS,
MIL,E,7,REL SCH,2017-12-25 16:00,407,,CFS,
MIL,E,7,REL SCH,2018-01-10 00:00,375,,CFS,
MIL,E,7,REL SCH,2018-02-01 06:00,425,,CFS,
MIL,E,7,REL SCH,2018-02-03 10:00,590,,CFS,
MIL,E,7,REL SCH,2018-02-06 10:00,425,,CFS,
MIL,E,7,REL SCH,2018-02-14 09:00,362,,CFS,
MIL,E,7,REL SCH,2018-02-20 10:00,500,,CFS,
MIL,E,7,REL SCH,2018-02-23 10:00,300,,CFS,
MIL,E,7,REL SCH,2018-03-22 17:00,150,,CFS,
MIL,E,7,REL SCH,2018-03-22 18:00,100,,CFS,
MIL,E,7,REL SCH,2018-03-24 00:01,225,,CFS,
MIL,E,7,REL SCH,2018-03-24 10:00,300,,CFS,
MIL,E,7,REL SCH,2018-03-28 01:00,300,,CFS,
MIL,E,7,REL SCH,2018-03-28 13:00,367,,CFS,
MIL,E,7,REL SCH,2018-03-29 01:00,365,,CFS,
MIL,E,7,REL SCH,2018-03-30 20:00,367,,CFS,
MIL,E,7,REL SCH,2018-04-04 10:00,"1,100",,CFS,
MIL,E,7,REL SCH,2018-04-04 11:00,"1,000",,CFS,
MIL,E,7,REL SCH,2018-04-04 13:00,"1,000",,CFS,
MIL,E,7,REL SCH,2018-04-04 19:00,530,,CFS,
MIL,E,7,REL SCH,2018-04-05 09:00,450,,CFS,
MIL,E,7,REL SCH,2018-04-05 17:00,390,,CFS,
MIL,E,7,REL SCH,2018-04-06 01:00,367,,CFS,
MIL,E,7,REL SCH,2018-04-07 01:00,350,,CFS,
MIL,E,7,REL SCH,2018-04-20 14:00,370,,CFS,
MIL,E,7,REL SCH,2018-04-26 01:00,380,,CFS,
MIL,E,7,REL SCH,2018-04-30 01:00,391,,CFS,
MIL,E,7,REL SCH,2018-05-01 01:00,398,,CFS,
MIL,E,7,REL SCH,2018-05-03 14:00,383,,CFS,
MIL,E,7,REL SCH,2018-05-06 10:00,350,,CFS,
MIL,E,7,REL SCH,2018-05-09 10:00,375,,CFS,
MIL,E,7,REL SCH,2018-05-12 08:00,395,,CFS,
MIL,E,7,REL SCH,2018-05-13 01:00,400,,CFS,
MIL,E,7,REL SCH,2018-05-16 09:00,385,,CFS,
MIL,E,7,REL SCH,2018-06-04 01:00,385,,CFS,
MIL,E,7,REL SCH,2018-06-05 01:00,385,,CFS,
MIL,E,7,REL SCH,2018-06-11 10:00,432,,CFS,
MIL,E,7,REL SCH,2018-06-18 18:00,449,,CFS,
MIL,E,7,REL SCH,2018-06-23 16:00,440,,CFS,
MIL,E,7,REL SCH,2018-06-24 10:00,458,,CFS,
MIL,E,7,REL SCH,2018-06-25 01:00,410,,CFS,
MIL,E,7,REL SCH,2018-06-27 01:00,425,,CFS,
MIL,E,7,REL SCH,2018-06-28 01:00,425,,CFS,
MIL,E,7,REL SCH,2018-07-09 15:00,445,,CFS,
MIL,E,7,REL SCH,2018-07-24 12:00,435,,CFS,
MIL,E,7,REL SCH,2018-08-17 01:00,444,,CFS,
MIL,E,7,REL SCH,2018-08-18 01:00,455,,CFS,
MIL,E,7,REL SCH,2018-08-20 06:00,455,,CFS,
MIL,E,7,REL SCH,2018-08-25 09:00,435,,CFS,
MIL,E,7,REL SCH,2018-09-01 02:00,430,,CFS,
MIL,E,7,REL SCH,2018-09-28 08:00,413,,CFS,
MIL,E,7,REL SCH,2018-10-09 01:00,400,,CFS,
MIL,E,7,REL SCH,2018-10-12 09:00,420,,CFS,
MIL,E,7,REL SCH,2018-10-24 16:00,400,,CFS,
MIL,E,7,REL SCH,2018-10-30 06:00,415,,CFS,
MIL,E,7,REL SCH,2018-10-30 11:00,440,,CFS,
MIL,E,7,REL SCH,2018-11-05 13:00,420,,CFS,
MIL,E,7,REL SCH,2018-11-08 16:00,448,,CFS,
MIL,E,7,REL SCH,2018-11-14 06:00,455,,CFS,
MIL,E,7,REL SCH,2018-11-16 14:00,445,,CFS,
MIL,E,7,REL SCH,2018-11-16 16:00,405,,CFS,
MIL,E,7,REL SCH,2018-11-19 07:00,376,,CFS,
MIL,E,7,REL SCH,2018-11-25 00:00,405,,CFS,
MIL,E,7,REL SCH,2018-11-26 01:00,395,,CFS,
MIL,E,7,REL SCH,2018-11-28 16:00,355,,CFS,
MIL,E,7,REL SCH,2018-12-02 10:00,375,,CFS,
MIL,E,7,REL SCH,2018-12-15 10:00,347,,CFS,
MIL,E,7,REL SCH,2018-12-15 20:00,370,,CFS,
MIL,E,7,REL SCH,2018-12-27 16:00,411,,CFS,
MIL,E,7,REL SCH,2018-12-27 18:00,430,,CFS,
MIL,E,7,REL SCH,2018-12-29 18:00,430,,CFS,
MIL,E,7,REL SCH,2019-01-02 10:00,430,,CFS,
MIL,E,7,REL SCH,2019-01-08 18:00,388,,CFS,
MIL,E,7,REL SCH,2019-01-11 01:00,395,,CFS,
MIL,E,7,REL SCH,2019-01-12 01:00,405,,CFS,
MIL,E,7,REL SCH,2019-01-13 01:00,415,,CFS,
MIL,E,7,REL SCH,2019-01-14 12:00,385,,CFS,
MIL,E,7,REL SCH,2019-01-17 13:00,400,,CFS,
MIL,E,7,REL SCH,2019-01-18 04:00,388,,CFS,
MIL,E,7,REL SCH,2019-01-23 12:00,402,,CFS,
MIL,E,7,REL SCH,2019-01-23 13:00,408,,CFS,
MIL,E,7,REL SCH,2019-01-25 02:00,400,,CFS,
MIL,E,7,REL SCH,2019-01-26 15:00,405,,CFS,
MIL,E,7,REL SCH,2019-01-29 16:00,383,,CFS,
MIL,E,7,REL SCH,2019-02-07 10:00,345,,CFS,
MIL,E,7,REL SCH,2019-02-09 07:00,350,,CFS,
MIL,E,7,REL SCH,2019-02-09 23:00,785,,CFS,
MIL,E,7,REL SCH,2019-02-10 09:00,785,,CFS,
MIL,E,7,REL SCH,2019-02-11 08:00,600,,CFS,
MIL,E,7,REL SCH,2019-02-13 07:00,535,,CFS,
MIL,E,7,REL SCH,2019-02-14 15:00,635,,CFS,
MIL,E,7,REL SCH,2019-03-01 01:00,525,,CFS,
MIL,E,7,REL SCH,2019-03-01 18:00,350,,CFS,
MIL,E,7,REL SCH,2019-03-07 11:00,415,,CFS,
MIL,E,7,REL SCH,2019-03-13 01:00,413,,CFS,
MIL,E,7,REL SCH,2019-03-15 13:00,750,,CFS,
MIL,E,7,REL SCH,2019-03-15 15:00,"1,000",,CFS,
MIL,E,7,REL SCH,2019-03-16 08:00,"1,250",,CFS,
MIL,E,7,REL SCH,2019-03-16 10:00,"1,500",,CFS,
MIL,E,7,REL SCH,2019-03-17 08:00,"1,750",,CFS,
MIL,E,7,REL SCH,2019-03-17 10:00,"2,000",,CFS,
MIL,E,7,REL SCH,2019-03-18 08:00,"2,250",,CFS,
MIL,E,7,REL SCH,2019-03-18 10:00,"2,500",,CFS,
MIL,E,7,REL SCH,2019-03-19 08:00,"2,750",,CFS,
MIL,E,7,REL SCH,2019-03-19 10:00,"3,000",,CFS,
MIL,E,7,REL SCH,2019-03-19 12:00,"3,180",,CFS,
MIL,E,7,REL SCH,2019-03-29 15:00,"2,500",,CFS,
MIL,E,7,REL SCH,2019-03-30 15:00,"2,500",,CFS,
MIL,E,7,REL SCH,2019-04-01 11:00,"2,250",,CFS,
MIL,E,7,REL SCH,2019-04-01 13:00,"2,000",,CFS,
MIL,E,7,REL SCH,2019-04-02 10:00,"1,750",,CFS,
MIL,E,7,REL SCH,2019-04-02 14:00,"1,500",,CFS,
MIL,E,7,REL SCH,2019-04-03 12:00,"1,275",,CFS,
MIL,E,7,REL SCH,2019-04-04 09:00,"1,300",,CFS,
MIL,E,7,REL SCH,2019-04-04 13:00,"1,000",,CFS,
MIL,E,7,REL SCH,2019-04-05 08:00,900,,CFS,
MIL,E,7,REL SCH,2019-04-05 10:00,750,,CFS,
MIL,E,7,REL SCH,2019-04-05 13:00,360,,CFS,
MIL,E,7,REL SCH,2019-04-10 09:00,388,,CFS,
MIL,E,7,REL SCH,2019-04-12 12:00,425,,CFS,
MIL,E,7,REL SCH,2019-04-17 07:00,470,,CFS,
MIL,E,7,REL SCH,2019-04-18 11:00,482,,CFS,
MIL,E,7,REL SCH,2019-04-24 15:00,550,,CFS,
MIL,E,7,REL SCH,2019-05-01 15:00,560,,CFS,
MIL,E,7,REL SCH,2019-05-03 14:00,590,,CFS,
MIL,E,7,REL SCH,2019-05-09 01:00,582,,CFS,
MIL,E,7,REL SCH,2019-05-10 01:00,580,,CFS,
MIL,E,7,REL SCH,2019-05-14 13:00,"1,000",,CFS,
MIL,E,7,REL SCH,2019-05-14 19:15,"1,025",,CFS,
MIL,E,7,REL SCH,2019-05-17 16:00,"1,150",,CFS,
MIL,E,7,REL SCH,2019-05-17 17:00,"1,194",,CFS,
MIL,E,7,REL SCH,2019-05-19 11:00,150,,CFS,
MIL,E,7,REL SCH,2019-05-19 14:00,"1,100",,CFS,
MIL,E,7,REL SCH,2019-05-20 18:00,"1,750",,CFS,
MIL,E,7,REL SCH,2019-05-21 08:00,"2,400",,CFS,
MIL,E,7,REL SCH,2019-05-21 10:00,"2,750",,CFS,
MIL,E,7,REL SCH,2019-05-21 12:00,"3,000",,CFS,
MIL,E,7,REL SCH,2019-05-22 08:00,"3,500",,CFS,
MIL,E,7,REL SCH,2019-05-22 10:00,"4,000",,CFS,
MIL,E,7,REL SCH,2019-05-22 12:00,"4,500",,CFS,
MIL,E,7,REL SCH,2019-05-22 14:00,"5,000",,CFS,
MIL,E,7,REL SCH,2019-05-23 08:00,"5,500",,CFS,
MIL,E,7,REL SCH,2019-05-23 10:00,"6,000",,CFS,
MIL,E,7,REL SCH,2019-05-23 12:00,"6,100",,CFS,
MIL,E,7,REL SCH,2019-05-23 16:00,"4,981",,CFS,
MIL,E,7,REL SCH,2019-05-28 08:00,"7,000",,CFS,
MIL,E,7,REL SCH,2019-05-28 10:00,"6,500",,CFS,
MIL,E,7,REL SCH,2019-05-29 08:00,"7,000",,CFS,
MIL,E,7,REL SCH,2019-05-29 15:00,"6,500",,CFS,
MIL,E,7,REL SCH,2019-05-30 10:00,"6,000",,CFS,
MIL,E,7,REL SCH,2019-06-03 09:00,"5,500",,CFS,
MIL,E,7,REL SCH,2019-06-03 13:00,"5,000",,CFS,
MIL,E,7,REL SCH,2019-06-03 17:00,"4,500",,CFS,
MIL,E,7,REL SCH,2019-06-08 09:00,"4,000",,CFS,
MIL,E,7,REL SCH,2019-06-09 09:00,"3,500",,CFS,
MIL,E,7,REL SCH,2019-06-09 13:00,"3,000",,CFS,
MIL,E,7,REL SCH,2019-06-11 11:00,"3,500",,CFS,
MIL,E,7,REL SCH,2019-06-12 09:00,"4,000",,CFS,
MIL,E,7,REL SCH,2019-06-12 11:00,"4,500",,CFS,
MIL,E,7,REL SCH,2019-06-13 15:00,"5,000",,CFS,
MIL,E,7,REL SCH,2019-06-14 00:00,"5,297",,CFS,
MIL,E,7,REL SCH,2019-06-14 14:00,"5,500",,CFS,
MIL,E,7,REL SCH,2019-06-19 08:00,"5,000",,CFS,
MIL,E,7,REL SCH,2019-06-19 10:00,"4,500",,CFS,
MIL,E,7,REL SCH,2019-06-19 12:00,"4,000",,CFS,
MIL,E,7,REL SCH,2019-06-19 15:00,"3,500",,CFS,
MIL,E,7,REL SCH,2019-06-20 10:00,"2,015",,CFS,
MIL,E,7,REL SCH,2019-06-21 14:00,"1,760",,CFS,
MIL,E,7,REL SCH,2019-06-24 00:00,"1,211",,CFS,
MIL,E,7,REL SCH,2019-06-24 09:00,"1,250",,CFS,
MIL,E,7,REL SCH,2019-06-24 11:00,"1,000",,CFS,
MIL,E,7,REL SCH,2019-06-25 00:00,"1,003",,CFS,
MIL,E,7,REL SCH,2019-07-02 18:00,"1,250",,CFS,
MIL,E,7,REL SCH,2019-07-03 12:00,"1,500",,CFS,
MIL,E,7,REL SCH,2019-07-04 16:00,"1,250",,CFS,
MIL,E,7,REL SCH,2019-07-07 22:00,"1,500",,CFS,
MIL,E,7,REL SCH,2019-07-08 10:00,"1,750",,CFS,
MIL,E,7,REL SCH,2019-07-09 16:00,"1,000",,CFS,
MIL,E,7,REL SCH,2019-07-15 08:00,790,,CFS,
MIL,E,7,REL SCH,2019-07-16 09:00,485,,CFS,
MIL,E,7,REL SCH,2019-07-18 16:00,392,,CFS,
MIL,E,7,REL SCH,2019-07-21 16:00,435,,CFS,
MIL,E,7,REL SCH,2019-07-27 12:00,488,,CFS,
MIL,E,7,REL SCH,2019-07-28 13:00,535,,CFS,
MIL,E,7,REL SCH,2019-07-29 15:00,491,,CFS,
MIL,E,7,REL SCH,2019-07-30 10:00,450,,CFS,
MIL,E,7,REL SCH,2019-08-03 12:00,420,,CFS,
MIL,E,7,REL SCH,2019-08-05 17:00,427,,CFS,
MIL,E,7,REL SCH,2019-08-06 17:00,458,,CFS,
MIL,E,7,REL SCH,2019-08-14 17:00,458,,CFS,
MIL,E,7,REL SCH,2019-08-25 06:00,426,,CFS,
MIL,E,7,REL SCH,2019-08-25 18:00,431,,CFS,
MIL,E,7,REL SCH,2019-08-25 19:00,470,,CFS,
MIL,E,7,REL SCH,2019-08-26 08:00,407,,CFS,
MIL,E,7,REL SCH,2019-08-26 09:00,431,,CFS,
MIL,E,7,REL SCH,2019-08-28 09:00,403,,CFS,
MIL,E,7,REL SCH,2019-09-01 20:00,407,,CFS,
MIL,E,7,REL SCH,2019-09-08 01:00,380,,CFS,
MIL,E,7,REL SCH,2019-09-09 01:00,393,,CFS,
MIL,E,7,REL SCH,2019-09-10 01:00,400,,CFS,
MIL,E,7,REL SCH,2019-09-11 01:00,400,,CFS,
MIL,E,7,REL SCH,2019-09-17 10:00,445,,CFS,
MIL,E,7,REL SCH,2019-09-18 19:00,450,,CFS,
MIL,E,7,REL SCH,2019-09-19 13:00,430,,CFS,
MIL,E,7,REL SCH,2019-09-22 11:00,403,,CFS,
MIL,E,7,REL SCH,2019-10-03 06:00,407,,CFS,
MIL,E,7,REL SCH,2019-10-10 10:00,390,,CFS,
MIL,E,7,REL SCH,2019-10-17 00:00,365,,CFS,
MIL,E,7,REL SCH,2019-10-18 00:00,365,,CFS,
MIL,E,7,REL SCH,2019-10-21 10:00,395,,CFS,
MIL,E,7,REL SCH,2019-10-23 10:00,416,,CFS,
MIL,E,7,REL SCH,2019-10-24 10:00,439,,CFS,
MIL,E,7,REL SCH,2019-10-26 09:00,425,,CFS,
MIL,E,7,REL SCH,2019-10-29 10:00,417,,CFS,
MIL,E,7,REL SCH,2019-10-31 13:00,402,,CFS,
MIL,E,7,REL SCH,2019-10-31 17:00,411,,CFS,
MIL,E,7,REL SCH,2019-11-02 09:00,385,,CFS,
MIL,E,7,REL SCH,2019-11-07 00:00,385,,CFS,
MIL,E,7,REL SCH,2019-11-11 11:00,412,,CFS,
MIL,E,7,REL SCH,2019-11-17 15:00,406,,CFS,
MIL,E,7,REL SCH,2019-11-19 19:00,403,,CFS,
MIL,E,7,REL SCH,2019-11-22 00:00,417,,CFS,
MIL,E,7,REL SCH,2019-11-25 08:00,383,,CFS,
MIL,E,7,REL SCH,2019-11-28 10:00,360,,CFS,